training_example_id,customer_id,merchant_id,amount,failure_category,payment_method,time_since_failure_min,customer_success_rate,customer_failure_rate,payment_method_success_rate,payment_method_failure_rate,previous_recovery_attempts,previous_recovery_successes,previous_recovery_failures,candidate_action,outcome
training_0001,cust_0151,merchant_004,399.01,PAYMENT_METHOD_ERROR,NETBANKING,624,0.4291,0.6248,0.8052,0.5565,5,3,0,REMINDER,FAILURE
training_0002,cust_0256,merchant_009,634.72,INSUFFICIENT_FUNDS,WALLET,1883,0.4562,0.8824,0.6081,0.2479,0,0,0,RETRY,SUCCESS
training_0003,cust_0035,merchant_007,455.68,INSUFFICIENT_FUNDS,NETBANKING,958,0.3961,0.5663,0.7970,0.7428,1,1,0,RETRY,FAILURE
training_0004,cust_0240,merchant_046,476.66,UNKNOWN_FAILURE,WALLET,2792,0.5129,0.7456,0.4427,0.1712,2,2,0,RETRY,SUCCESS
training_0005,cust_0046,merchant_028,325.74,TEMPORARY_FAILURE,NETBANKING,2568,0.8352,0.2775,0.5000,0.3262,4,2,1,RETRY,FAILURE
training_0006,cust_0002,merchant_029,584.90,UNKNOWN_FAILURE,CARD,770,0.4189,0.1738,0.6643,0.2806,1,0,0,RETRY,SUCCESS
training_0007,cust_0243,merchant_039,252.61,INSUFFICIENT_FUNDS,UPI,607,0.3730,0.8419,0.1855,0.3296,3,1,0,REMINDER,FAILURE
training_0008,cust_0275,merchant_036,649.21,UNKNOWN_FAILURE,CARD,820,0.8939,0.4758,0.6482,0.1813,2,0,0,REMINDER,FAILURE
training_0009,cust_0246,merchant_011,315.81,INSUFFICIENT_FUNDS,WALLET,316,0.5701,0.2960,0.3891,0.4683,4,0,4,RETRY,FAILURE
training_0010,cust_0243,merchant_047,72.28,TEMPORARY_FAILURE,NETBANKING,2361,0.2731,0.3760,0.1706,0.4579,3,1,1,REMINDER,FAILURE
training_0011,cust_0215,merchant_032,313.31,TEMPORARY_FAILURE,UPI,29,0.6735,0.7661,0.9463,0.5833,2,1,0,RETRY,FAILURE
training_0012,cust_0199,merchant_026,111.78,TEMPORARY_FAILURE,CARD,1084,0.7645,0.4143,0.3684,0.4944,0,0,0,RETRY,SUCCESS
training_0013,cust_0276,merchant_002,69.86,PAYMENT_METHOD_ERROR,NETBANKING,1791,0.8650,0.7560,0.2197,0.8220,4,3,0,RETRY,FAILURE
training_0014,cust_0295,merchant_035,940.77,UNKNOWN_FAILURE,NETBANKING,440,0.2980,0.8578,0.1621,0.4907,0,0,0,REMINDER,FAILURE
training_0015,cust_0339,merchant_006,402.32,PAYMENT_METHOD_ERROR,UPI,129,0.9249,0.6737,0.8218,0.5113,0,0,0,RETRY,SUCCESS
training_0016,cust_0031,merchant_028,312.28,INSUFFICIENT_FUNDS,CARD,612,0.2687,0.3385,0.3296,0.1601,0,0,0,REMINDER,SUCCESS
training_0017,cust_0042,merchant_025,284.94,INSUFFICIENT_FUNDS,NETBANKING,479,0.6808,0.6967,0.4460,0.0676,3,1,1,RETRY,FAILURE
training_0018,cust_0138,merchant_046,655.69,UNKNOWN_FAILURE,NETBANKING,1130,0.7532,0.5556,0.6560,0.5517,4,3,1,REMINDER,FAILURE
training_0019,cust_0233,merchant_046,167.98,PAYMENT_METHOD_ERROR,CARD,1908,0.3460,0.5327,0.2431,0.5758,5,5,0,RETRY,FAILURE
training_0020,cust_0048,merchant_002,111.52,PAYMENT_METHOD_ERROR,UPI,620,0.4330,0.3205,0.7943,0.4334,2,0,1,RETRY,FAILURE
training_0021,cust_0115,merchant_043,43.93,INSUFFICIENT_FUNDS,CARD,2004,0.8406,0.5820,0.1514,0.7690,2,0,1,RETRY,FAILURE
training_0022,cust_0005,merchant_002,787.99,PAYMENT_METHOD_ERROR,CARD,791,0.3080,0.6614,0.7282,0.1041,3,3,0,RETRY,FAILURE
training_0023,cust_0090,merchant_041,256.34,PAYMENT_METHOD_ERROR,CARD,1132,0.1870,0.4944,0.3254,0.0980,4,1,1,REMINDER,FAILURE
training_0024,cust_0181,merchant_027,378.50,PAYMENT_METHOD_ERROR,CARD,1887,0.1103,0.3008,0.3592,0.7827,3,2,1,REMINDER,FAILURE
training_0025,cust_0185,merchant_027,779.40,TEMPORARY_FAILURE,UPI,66,0.7640,0.7900,0.1827,0.1764,1,0,0,REMINDER,FAILURE
training_0026,cust_0110,merchant_012,716.48,INSUFFICIENT_FUNDS,UPI,1522,0.3523,0.7035,0.6525,0.5431,3,3,0,RETRY,FAILURE
training_0027,cust_0142,merchant_013,338.24,PAYMENT_METHOD_ERROR,UPI,152,0.5746,0.1651,0.3733,0.8832,3,0,0,RETRY,FAILURE
training_0028,cust_0135,merchant_017,732.91,INSUFFICIENT_FUNDS,WALLET,2274,0.6385,0.8592,0.8973,0.0708,4,4,0,RETRY,SUCCESS
training_0029,cust_0014,merchant_022,247.79,INSUFFICIENT_FUNDS,UPI,2475,0.2132,0.7276,0.6479,0.5438,0,0,0,RETRY,FAILURE
training_0030,cust_0350,merchant_011,183.57,TEMPORARY_FAILURE,UPI,1334,0.2104,0.1302,0.4870,0.8014,1,1,0,REMINDER,FAILURE
training_0031,cust_0348,merchant_018,921.28,INSUFFICIENT_FUNDS,NETBANKING,928,0.3734,0.5019,0.7782,0.6916,3,2,1,RETRY,FAILURE
training_0032,cust_0165,merchant_045,318.75,TEMPORARY_FAILURE,UPI,118,0.7674,0.3365,0.6629,0.1547,4,1,1,REMINDER,SUCCESS
training_0033,cust_0005,merchant_014,73.96,TEMPORARY_FAILURE,NETBANKING,1290,0.9442,0.7382,0.2396,0.4232,5,0,2,RETRY,FAILURE
training_0034,cust_0047,merchant_001,828.21,UNKNOWN_FAILURE,UPI,1704,0.4399,0.7397,0.1978,0.4930,5,5,0,REMINDER,FAILURE
training_0035,cust_0004,merchant_012,162.51,INSUFFICIENT_FUNDS,NETBANKING,1783,0.6942,0.1860,0.8890,0.8938,3,1,1,REMINDER,SUCCESS
training_0036,cust_0012,merchant_011,276.25,UNKNOWN_FAILURE,WALLET,2748,0.3143,0.5482,0.2369,0.0783,3,1,2,REMINDER,FAILURE
training_0037,cust_0338,merchant_040,532.15,PAYMENT_METHOD_ERROR,NETBANKING,804,0.6679,0.5109,0.7804,0.3862,1,1,0,RETRY,FAILURE
training_0038,cust_0301,merchant_046,971.62,TEMPORARY_FAILURE,CARD,2417,0.1421,0.5705,0.7745,0.8113,4,4,0,REMINDER,FAILURE
training_0039,cust_0203,merchant_044,590.93,TEMPORARY_FAILURE,NETBANKING,2122,0.5658,0.2045,0.5458,0.4163,1,0,0,REMINDER,SUCCESS
training_0040,cust_0120,merchant_042,201.71,INSUFFICIENT_FUNDS,CARD,2777,0.7117,0.4768,0.6034,0.8658,3,1,1,RETRY,FAILURE
training_0041,cust_0304,merchant_010,421.83,UNKNOWN_FAILURE,CARD,1379,0.3060,0.7074,0.3058,0.2216,3,0,3,REMINDER,FAILURE
training_0042,cust_0144,merchant_002,571.64,INSUFFICIENT_FUNDS,UPI,2629,0.4414,0.7753,0.2781,0.6037,4,2,0,RETRY,FAILURE
training_0043,cust_0292,merchant_006,495.67,INSUFFICIENT_FUNDS,CARD,838,0.1519,0.4627,0.7963,0.1303,4,0,1,RETRY,FAILURE
training_0044,cust_0284,merchant_046,190.09,TEMPORARY_FAILURE,UPI,2584,0.2732,0.5195,0.2722,0.0882,2,0,2,RETRY,FAILURE
training_0045,cust_0172,merchant_012,805.41,UNKNOWN_FAILURE,CARD,927,0.5649,0.0825,0.2764,0.5690,3,3,0,REMINDER,FAILURE
training_0046,cust_0279,merchant_026,42.89,TEMPORARY_FAILURE,UPI,2378,0.7725,0.6355,0.5173,0.8832,1,1,0,RETRY,FAILURE
training_0047,cust_0054,merchant_047,542.49,PAYMENT_METHOD_ERROR,UPI,2246,0.3904,0.6479,0.8825,0.3338,5,3,2,RETRY,FAILURE
training_0048,cust_0275,merchant_034,162.57,INSUFFICIENT_FUNDS,NETBANKING,22,0.7871,0.4996,0.3186,0.3791,3,0,3,REMINDER,FAILURE
training_0049,cust_0298,merchant_027,129.94,UNKNOWN_FAILURE,UPI,1916,0.6824,0.4059,0.8444,0.6274,3,2,1,RETRY,FAILURE
training_0050,cust_0104,merchant_039,766.61,PAYMENT_METHOD_ERROR,UPI,247,0.2596,0.0861,0.4446,0.0740,0,0,0,RETRY,SUCCESS
training_0051,cust_0333,merchant_011,182.15,PAYMENT_METHOD_ERROR,WALLET,1609,0.5042,0.8136,0.6878,0.6534,0,0,0,REMINDER,FAILURE
training_0052,cust_0057,merchant_023,579.28,TEMPORARY_FAILURE,CARD,215,0.2098,0.8782,0.5684,0.1982,2,2,0,REMINDER,FAILURE
training_0053,cust_0074,merchant_015,974.42,TEMPORARY_FAILURE,CARD,1050,0.7723,0.3863,0.9246,0.3427,2,2,0,RETRY,FAILURE
training_0054,cust_0022,merchant_009,436.91,INSUFFICIENT_FUNDS,WALLET,2617,0.8384,0.4635,0.6770,0.6200,5,3,0,REMINDER,FAILURE
training_0055,cust_0233,merchant_022,838.27,PAYMENT_METHOD_ERROR,NETBANKING,1105,0.7916,0.4372,0.5837,0.4768,3,0,0,RETRY,FAILURE
training_0056,cust_0257,merchant_035,882.71,TEMPORARY_FAILURE,NETBANKING,1153,0.2910,0.7296,0.5941,0.7720,3,0,1,RETRY,SUCCESS
training_0057,cust_0166,merchant_010,865.76,PAYMENT_METHOD_ERROR,CARD,2117,0.2070,0.5648,0.2005,0.6672,0,0,0,REMINDER,FAILURE
training_0058,cust_0186,merchant_008,770.53,UNKNOWN_FAILURE,WALLET,2696,0.9259,0.5494,0.4701,0.4330,1,0,0,RETRY,FAILURE
training_0059,cust_0049,merchant_047,334.20,PAYMENT_METHOD_ERROR,UPI,244,0.7476,0.1518,0.4762,0.5919,3,0,1,RETRY,FAILURE
training_0060,cust_0089,merchant_047,333.18,UNKNOWN_FAILURE,UPI,2801,0.6131,0.2574,0.1649,0.7977,1,1,0,RETRY,FAILURE
training_0061,cust_0295,merchant_045,59.17,PAYMENT_METHOD_ERROR,WALLET,2240,0.3942,0.2172,0.4267,0.2259,5,1,0,RETRY,FAILURE
training_0062,cust_0154,merchant_029,888.26,INSUFFICIENT_FUNDS,UPI,745,0.7769,0.2430,0.9185,0.2535,2,2,0,REMINDER,FAILURE
training_0063,cust_0279,merchant_026,639.71,INSUFFICIENT_FUNDS,NETBANKING,1581,0.1661,0.6197,0.1389,0.4086,3,2,1,REMINDER,FAILURE
training_0064,cust_0039,merchant_042,840.73,PAYMENT_METHOD_ERROR,WALLET,518,0.7878,0.4445,0.1765,0.1214,5,5,0,REMINDER,FAILURE
training_0065,cust_0053,merchant_022,638.17,TEMPORARY_FAILURE,NETBANKING,2376,0.3240,0.4562,0.6814,0.3726,4,1,2,REMINDER,SUCCESS
training_0066,cust_0292,merchant_044,646.44,TEMPORARY_FAILURE,CARD,2238,0.7666,0.0931,0.8216,0.2311,4,2,2,REMINDER,FAILURE
training_0067,cust_0295,merchant_041,633.00,PAYMENT_METHOD_ERROR,NETBANKING,1827,0.4443,0.8565,0.3206,0.2739,4,4,0,RETRY,FAILURE
training_0068,cust_0052,merchant_040,32.58,UNKNOWN_FAILURE,WALLET,2184,0.6397,0.3184,0.7374,0.1521,4,1,3,RETRY,FAILURE
training_0069,cust_0218,merchant_007,114.38,TEMPORARY_FAILURE,WALLET,2873,0.1404,0.1904,0.7817,0.5979,3,3,0,REMINDER,FAILURE
training_0070,cust_0268,merchant_010,986.34,PAYMENT_METHOD_ERROR,UPI,259,0.3645,0.6966,0.9030,0.3958,2,0,0,RETRY,SUCCESS
training_0071,cust_0086,merchant_004,406.37,PAYMENT_METHOD_ERROR,NETBANKING,561,0.6631,0.4914,0.1141,0.4272,0,0,0,RETRY,FAILURE
training_0072,cust_0345,merchant_020,731.01,TEMPORARY_FAILURE,WALLET,2737,0.3333,0.5666,0.5910,0.4147,1,1,0,RETRY,SUCCESS
training_0073,cust_0340,merchant_045,689.12,INSUFFICIENT_FUNDS,NETBANKING,527,0.9340,0.8432,0.2568,0.3467,3,0,1,REMINDER,FAILURE
training_0074,cust_0151,merchant_018,687.92,INSUFFICIENT_FUNDS,CARD,1731,0.4587,0.1383,0.8633,0.3247,1,0,0,RETRY,FAILURE
training_0075,cust_0199,merchant_023,449.64,TEMPORARY_FAILURE,CARD,0,0.5336,0.0993,0.1566,0.6128,5,2,0,REMINDER,FAILURE
training_0076,cust_0045,merchant_030,224.10,UNKNOWN_FAILURE,WALLET,2430,0.4563,0.6496,0.3789,0.0804,2,2,0,REMINDER,FAILURE
training_0077,cust_0341,merchant_001,312.08,PAYMENT_METHOD_ERROR,CARD,893,0.4691,0.5934,0.4396,0.8946,3,1,0,REMINDER,FAILURE
training_0078,cust_0053,merchant_035,28.16,PAYMENT_METHOD_ERROR,UPI,1322,0.7028,0.6837,0.7977,0.6911,0,0,0,RETRY,SUCCESS
training_0079,cust_0209,merchant_049,664.71,INSUFFICIENT_FUNDS,UPI,2813,0.5856,0.7378,0.1386,0.8925,1,1,0,RETRY,FAILURE
training_0080,cust_0337,merchant_031,677.22,INSUFFICIENT_FUNDS,CARD,2101,0.1463,0.4261,0.8806,0.0798,3,2,1,RETRY,FAILURE
training_0081,cust_0205,merchant_004,31.43,TEMPORARY_FAILURE,WALLET,2209,0.1078,0.1552,0.4022,0.4410,4,3,0,RETRY,FAILURE
training_0082,cust_0203,merchant_015,704.52,UNKNOWN_FAILURE,WALLET,2568,0.4784,0.2652,0.7445,0.4458,3,2,1,RETRY,FAILURE
training_0083,cust_0125,merchant_021,31.03,TEMPORARY_FAILURE,WALLET,1075,0.8737,0.8996,0.1735,0.5864,5,2,1,REMINDER,FAILURE
training_0084,cust_0062,merchant_031,924.89,UNKNOWN_FAILURE,CARD,2840,0.5673,0.3083,0.7920,0.2103,0,0,0,RETRY,FAILURE
training_0085,cust_0273,merchant_018,67.39,INSUFFICIENT_FUNDS,WALLET,1147,0.1960,0.4811,0.5901,0.1982,1,1,0,RETRY,FAILURE
training_0086,cust_0334,merchant_048,504.28,TEMPORARY_FAILURE,NETBANKING,415,0.3846,0.5945,0.1659,0.0578,1,1,0,REMINDER,FAILURE
training_0087,cust_0199,merchant_031,930.01,INSUFFICIENT_FUNDS,CARD,361,0.5030,0.2359,0.5703,0.5276,3,2,1,REMINDER,FAILURE
training_0088,cust_0060,merchant_004,16.72,INSUFFICIENT_FUNDS,CARD,1869,0.7192,0.1359,0.5545,0.5916,4,3,0,RETRY,FAILURE
training_0089,cust_0095,merchant_013,824.86,INSUFFICIENT_FUNDS,CARD,1870,0.3853,0.5444,0.7801,0.4098,2,0,0,REMINDER,FAILURE
training_0090,cust_0278,merchant_045,767.83,UNKNOWN_FAILURE,CARD,2419,0.8242,0.4198,0.8344,0.7635,0,0,0,RETRY,FAILURE
training_0091,cust_0287,merchant_041,318.69,TEMPORARY_FAILURE,NETBANKING,2824,0.6046,0.2530,0.2373,0.3873,1,0,0,REMINDER,FAILURE
training_0092,cust_0052,merchant_046,769.00,UNKNOWN_FAILURE,WALLET,1771,0.5198,0.7048,0.7443,0.8131,4,3,0,REMINDER,FAILURE
training_0093,cust_0330,merchant_019,501.44,TEMPORARY_FAILURE,CARD,2501,0.3331,0.5763,0.9037,0.2455,5,1,0,REMINDER,FAILURE
training_0094,cust_0249,merchant_034,895.64,PAYMENT_METHOD_ERROR,WALLET,877,0.3488,0.8741,0.8521,0.4662,1,1,0,REMINDER,FAILURE
training_0095,cust_0176,merchant_049,736.49,PAYMENT_METHOD_ERROR,NETBANKING,2681,0.2372,0.6512,0.5564,0.5762,3,0,1,REMINDER,FAILURE
training_0096,cust_0258,merchant_010,433.21,INSUFFICIENT_FUNDS,NETBANKING,1612,0.7614,0.6741,0.6552,0.0658,0,0,0,REMINDER,SUCCESS
training_0097,cust_0281,merchant_006,75.30,TEMPORARY_FAILURE,CARD,1763,0.5999,0.0955,0.7526,0.8436,1,0,0,REMINDER,FAILURE
training_0098,cust_0091,merchant_015,411.77,UNKNOWN_FAILURE,CARD,95,0.9135,0.1182,0.6277,0.2638,3,0,0,REMINDER,FAILURE
training_0099,cust_0115,merchant_033,89.28,INSUFFICIENT_FUNDS,UPI,1968,0.8286,0.6727,0.8317,0.7582,3,0,1,REMINDER,FAILURE
training_0100,cust_0258,merchant_014,310.75,UNKNOWN_FAILURE,UPI,2600,0.8587,0.3823,0.4860,0.6347,2,1,0,REMINDER,FAILURE
training_0101,cust_0085,merchant_039,854.33,PAYMENT_METHOD_ERROR,WALLET,195,0.3676,0.4446,0.8746,0.2807,1,1,0,RETRY,FAILURE
training_0102,cust_0316,merchant_007,95.23,INSUFFICIENT_FUNDS,NETBANKING,1828,0.4606,0.8901,0.7040,0.4593,0,0,0,REMINDER,FAILURE
training_0103,cust_0016,merchant_019,964.21,TEMPORARY_FAILURE,CARD,2527,0.3763,0.8259,0.7173,0.0550,3,1,2,RETRY,FAILURE
training_0104,cust_0231,merchant_030,860.35,PAYMENT_METHOD_ERROR,CARD,1489,0.8153,0.8610,0.4017,0.0839,4,4,0,RETRY,FAILURE
training_0105,cust_0287,merchant_036,686.94,UNKNOWN_FAILURE,WALLET,281,0.9364,0.5292,0.3434,0.1686,0,0,0,RETRY,FAILURE
training_0106,cust_0155,merchant_046,275.15,UNKNOWN_FAILURE,NETBANKING,260,0.5084,0.7458,0.3928,0.5594,1,1,0,REMINDER,FAILURE
training_0107,cust_0209,merchant_044,349.15,PAYMENT_METHOD_ERROR,CARD,1405,0.6188,0.5896,0.1597,0.6173,2,0,1,REMINDER,FAILURE
training_0108,cust_0154,merchant_046,849.04,UNKNOWN_FAILURE,WALLET,2355,0.8386,0.5916,0.7759,0.2022,3,1,2,RETRY,FAILURE
training_0109,cust_0116,merchant_041,613.28,INSUFFICIENT_FUNDS,CARD,2019,0.4703,0.4517,0.8242,0.4330,3,0,0,RETRY,SUCCESS
training_0110,cust_0158,merchant_040,527.04,PAYMENT_METHOD_ERROR,WALLET,606,0.1868,0.6981,0.8488,0.7570,0,0,0,RETRY,FAILURE
training_0111,cust_0314,merchant_026,996.51,TEMPORARY_FAILURE,NETBANKING,2785,0.4157,0.1493,0.2596,0.7930,1,0,0,RETRY,FAILURE
training_0112,cust_0184,merchant_008,393.74,INSUFFICIENT_FUNDS,UPI,426,0.5167,0.6133,0.6757,0.8955,4,2,0,RETRY,SUCCESS
training_0113,cust_0063,merchant_012,704.08,TEMPORARY_FAILURE,NETBANKING,2359,0.8221,0.6027,0.4930,0.7886,2,2,0,RETRY,FAILURE
training_0114,cust_0120,merchant_011,29.03,TEMPORARY_FAILURE,WALLET,2246,0.3732,0.8457,0.8806,0.8172,4,2,0,REMINDER,FAILURE
training_0115,cust_0096,merchant_048,58.48,TEMPORARY_FAILURE,NETBANKING,1886,0.8486,0.6624,0.4838,0.2507,5,0,3,RETRY,FAILURE
training_0116,cust_0232,merchant_007,300.80,INSUFFICIENT_FUNDS,WALLET,596,0.7849,0.6915,0.2018,0.8578,3,2,0,REMINDER,FAILURE
training_0117,cust_0350,merchant_009,770.42,TEMPORARY_FAILURE,NETBANKING,1367,0.7916,0.2960,0.7955,0.3888,1,1,0,RETRY,SUCCESS
training_0118,cust_0204,merchant_027,236.20,INSUFFICIENT_FUNDS,WALLET,1431,0.5880,0.7071,0.5035,0.7295,2,1,0,RETRY,FAILURE
training_0119,cust_0280,merchant_012,140.84,PAYMENT_METHOD_ERROR,CARD,2612,0.3164,0.3663,0.7580,0.8651,3,0,1,REMINDER,FAILURE
training_0120,cust_0067,merchant_040,396.66,UNKNOWN_FAILURE,UPI,2019,0.6601,0.1156,0.8231,0.4631,1,1,0,REMINDER,SUCCESS
training_0121,cust_0052,merchant_049,63.91,TEMPORARY_FAILURE,NETBANKING,547,0.3062,0.1398,0.5472,0.3838,4,1,3,REMINDER,FAILURE
training_0122,cust_0204,merchant_038,624.00,TEMPORARY_FAILURE,WALLET,2719,0.3582,0.7923,0.6234,0.3860,3,1,1,RETRY,FAILURE
training_0123,cust_0050,merchant_026,128.41,TEMPORARY_FAILURE,UPI,1514,0.6752,0.7579,0.4873,0.4507,5,0,2,REMINDER,SUCCESS
training_0124,cust_0327,merchant_043,964.51,UNKNOWN_FAILURE,WALLET,1328,0.1135,0.0736,0.1067,0.7858,3,2,1,RETRY,FAILURE
training_0125,cust_0286,merchant_023,93.99,UNKNOWN_FAILURE,NETBANKING,367,0.4211,0.8187,0.6762,0.4867,1,1,0,RETRY,FAILURE
training_0126,cust_0097,merchant_029,431.75,PAYMENT_METHOD_ERROR,UPI,2066,0.4305,0.3217,0.7200,0.6351,5,4,1,RETRY,SUCCESS
training_0127,cust_0140,merchant_024,388.45,TEMPORARY_FAILURE,WALLET,1877,0.3686,0.3115,0.1099,0.7520,0,0,0,REMINDER,FAILURE
training_0128,cust_0259,merchant_001,859.11,PAYMENT_METHOD_ERROR,WALLET,2217,0.4848,0.3466,0.3792,0.7910,1,1,0,RETRY,FAILURE
training_0129,cust_0027,merchant_027,26.18,UNKNOWN_FAILURE,WALLET,2578,0.1634,0.8731,0.5910,0.7022,4,4,0,RETRY,FAILURE
training_0130,cust_0325,merchant_039,921.07,UNKNOWN_FAILURE,CARD,2242,0.1959,0.8887,0.5391,0.3699,5,4,0,RETRY,FAILURE
training_0131,cust_0071,merchant_011,460.90,PAYMENT_METHOD_ERROR,NETBANKING,851,0.1846,0.1133,0.6519,0.4960,5,5,0,RETRY,FAILURE
training_0132,cust_0284,merchant_008,473.20,UNKNOWN_FAILURE,NETBANKING,420,0.5665,0.3202,0.2871,0.6510,2,0,0,RETRY,FAILURE
training_0133,cust_0170,merchant_025,72.16,UNKNOWN_FAILURE,CARD,1180,0.1471,0.4181,0.6957,0.8212,2,2,0,REMINDER,FAILURE
training_0134,cust_0243,merchant_038,715.47,UNKNOWN_FAILURE,NETBANKING,1804,0.3182,0.4579,0.5493,0.4245,1,0,0,REMINDER,FAILURE
training_0135,cust_0066,merchant_045,539.21,UNKNOWN_FAILURE,CARD,1448,0.3401,0.4406,0.5808,0.6491,0,0,0,RETRY,FAILURE
training_0136,cust_0012,merchant_002,308.61,UNKNOWN_FAILURE,NETBANKING,1333,0.2782,0.8126,0.6374,0.7300,2,1,0,RETRY,FAILURE
training_0137,cust_0243,merchant_021,546.76,INSUFFICIENT_FUNDS,UPI,1733,0.4442,0.5454,0.8147,0.1940,3,2,1,RETRY,FAILURE
training_0138,cust_0345,merchant_013,537.32,UNKNOWN_FAILURE,CARD,1510,0.1087,0.2095,0.1944,0.7599,1,0,0,REMINDER,FAILURE
training_0139,cust_0064,merchant_041,992.64,UNKNOWN_FAILURE,NETBANKING,1770,0.5967,0.7071,0.8875,0.3636,0,0,0,REMINDER,FAILURE
training_0140,cust_0098,merchant_036,618.68,TEMPORARY_FAILURE,CARD,456,0.7520,0.7938,0.6568,0.1300,5,0,4,REMINDER,FAILURE
training_0141,cust_0288,merchant_031,4.28,INSUFFICIENT_FUNDS,CARD,1113,0.7604,0.5232,0.8819,0.2631,3,0,2,RETRY,FAILURE
training_0142,cust_0058,merchant_025,539.74,PAYMENT_METHOD_ERROR,NETBANKING,1154,0.1647,0.5687,0.7663,0.2248,5,2,0,REMINDER,SUCCESS
training_0143,cust_0143,merchant_030,880.62,INSUFFICIENT_FUNDS,UPI,2673,0.5291,0.7501,0.4818,0.1544,3,1,1,RETRY,FAILURE
training_0144,cust_0347,merchant_014,573.37,TEMPORARY_FAILURE,NETBANKING,2687,0.5568,0.6752,0.1858,0.3094,2,2,0,RETRY,FAILURE
training_0145,cust_0301,merchant_035,234.36,UNKNOWN_FAILURE,NETBANKING,1864,0.3740,0.0760,0.6419,0.0589,1,0,1,REMINDER,FAILURE
training_0146,cust_0216,merchant_044,427.22,PAYMENT_METHOD_ERROR,WALLET,2658,0.4892,0.7666,0.3686,0.5827,2,1,0,RETRY,FAILURE
training_0147,cust_0201,merchant_009,786.02,PAYMENT_METHOD_ERROR,UPI,870,0.2508,0.3857,0.5959,0.8972,2,0,1,REMINDER,FAILURE
training_0148,cust_0147,merchant_014,913.59,INSUFFICIENT_FUNDS,WALLET,1721,0.9010,0.6362,0.7706,0.0775,4,4,0,RETRY,SUCCESS
training_0149,cust_0253,merchant_004,208.40,PAYMENT_METHOD_ERROR,WALLET,303,0.4222,0.2207,0.5032,0.6751,4,2,2,REMINDER,FAILURE
training_0150,cust_0208,merchant_048,552.34,PAYMENT_METHOD_ERROR,UPI,210,0.4536,0.4071,0.8470,0.3218,4,3,1,RETRY,FAILURE
training_0151,cust_0143,merchant_035,182.85,PAYMENT_METHOD_ERROR,CARD,1865,0.7659,0.1797,0.7486,0.1816,5,0,2,RETRY,FAILURE
training_0152,cust_0235,merchant_023,829.93,UNKNOWN_FAILURE,UPI,91,0.7598,0.7402,0.5585,0.4400,2,2,0,REMINDER,FAILURE
training_0153,cust_0247,merchant_002,245.73,UNKNOWN_FAILURE,CARD,2170,0.5620,0.3115,0.8931,0.7414,0,0,0,RETRY,FAILURE
training_0154,cust_0190,merchant_019,754.51,UNKNOWN_FAILURE,CARD,2234,0.2704,0.1989,0.6859,0.8983,5,2,0,RETRY,FAILURE
training_0155,cust_0290,merchant_001,200.52,UNKNOWN_FAILURE,NETBANKING,2742,0.8625,0.1491,0.2649,0.1996,3,2,0,REMINDER,FAILURE
training_0156,cust_0123,merchant_015,947.81,UNKNOWN_FAILURE,WALLET,1734,0.3650,0.5867,0.6582,0.0594,3,1,0,RETRY,FAILURE
training_0157,cust_0322,merchant_009,325.25,INSUFFICIENT_FUNDS,UPI,523,0.2469,0.4373,0.8682,0.3253,2,0,2,RETRY,FAILURE
training_0158,cust_0178,merchant_020,945.99,INSUFFICIENT_FUNDS,UPI,2643,0.3990,0.8482,0.7345,0.3066,4,0,3,REMINDER,FAILURE
training_0159,cust_0188,merchant_038,517.47,TEMPORARY_FAILURE,WALLET,30,0.9487,0.1029,0.4712,0.1534,4,2,2,RETRY,FAILURE
training_0160,cust_0147,merchant_040,231.83,UNKNOWN_FAILURE,UPI,2111,0.2210,0.8050,0.3224,0.7832,4,3,1,RETRY,FAILURE
training_0161,cust_0033,merchant_036,478.62,UNKNOWN_FAILURE,NETBANKING,1529,0.6704,0.0946,0.6498,0.2185,5,2,0,REMINDER,FAILURE
training_0162,cust_0321,merchant_040,781.01,TEMPORARY_FAILURE,NETBANKING,96,0.8354,0.1423,0.4467,0.3857,4,1,0,REMINDER,FAILURE
training_0163,cust_0158,merchant_048,241.37,PAYMENT_METHOD_ERROR,UPI,2552,0.2623,0.6753,0.4691,0.6956,2,0,0,REMINDER,FAILURE
training_0164,cust_0159,merchant_002,86.12,UNKNOWN_FAILURE,UPI,2527,0.2352,0.6205,0.6466,0.5664,1,1,0,REMINDER,FAILURE
training_0165,cust_0048,merchant_048,495.89,UNKNOWN_FAILURE,UPI,2363,0.3701,0.4165,0.5754,0.7639,4,4,0,REMINDER,FAILURE
training_0166,cust_0192,merchant_046,494.70,INSUFFICIENT_FUNDS,WALLET,569,0.8191,0.8458,0.6248,0.2234,0,0,0,REMINDER,SUCCESS
training_0167,cust_0309,merchant_047,557.57,INSUFFICIENT_FUNDS,UPI,1212,0.9446,0.1106,0.5730,0.6637,2,2,0,REMINDER,FAILURE
training_0168,cust_0004,merchant_003,760.31,INSUFFICIENT_FUNDS,WALLET,2781,0.7163,0.1741,0.5328,0.6138,2,1,1,REMINDER,FAILURE
training_0169,cust_0081,merchant_035,520.43,INSUFFICIENT_FUNDS,CARD,868,0.8468,0.1120,0.5524,0.6855,4,2,1,RETRY,FAILURE
training_0170,cust_0143,merchant_040,937.76,UNKNOWN_FAILURE,WALLET,793,0.1281,0.5023,0.4343,0.6700,2,1,1,REMINDER,FAILURE
training_0171,cust_0162,merchant_033,272.04,INSUFFICIENT_FUNDS,WALLET,2153,0.3078,0.0509,0.3080,0.0987,4,0,0,RETRY,FAILURE
training_0172,cust_0050,merchant_030,707.74,UNKNOWN_FAILURE,WALLET,1371,0.7402,0.8455,0.2429,0.0681,3,0,3,RETRY,FAILURE
training_0173,cust_0195,merchant_039,175.43,UNKNOWN_FAILURE,CARD,1308,0.8099,0.3169,0.3478,0.3492,4,0,1,RETRY,FAILURE
training_0174,cust_0320,merchant_048,272.33,INSUFFICIENT_FUNDS,NETBANKING,903,0.1892,0.3609,0.4096,0.2673,1,1,0,REMINDER,FAILURE
training_0175,cust_0051,merchant_009,467.21,PAYMENT_METHOD_ERROR,WALLET,2795,0.3299,0.8761,0.8771,0.7307,4,3,0,RETRY,SUCCESS
training_0176,cust_0125,merchant_050,384.94,UNKNOWN_FAILURE,UPI,1549,0.5356,0.2551,0.2753,0.8851,2,1,0,REMINDER,FAILURE
training_0177,cust_0014,merchant_016,70.69,PAYMENT_METHOD_ERROR,NETBANKING,1943,0.5595,0.7978,0.4341,0.1607,5,0,0,RETRY,FAILURE
training_0178,cust_0112,merchant_026,233.08,INSUFFICIENT_FUNDS,WALLET,2679,0.7041,0.4082,0.4802,0.7734,2,1,1,REMINDER,FAILURE
training_0179,cust_0248,merchant_038,890.69,TEMPORARY_FAILURE,NETBANKING,2414,0.3767,0.4670,0.8265,0.2770,3,3,0,REMINDER,FAILURE
training_0180,cust_0135,merchant_028,875.63,TEMPORARY_FAILURE,WALLET,2056,0.8468,0.7767,0.3531,0.1426,2,1,1,RETRY,SUCCESS
training_0181,cust_0182,merchant_024,222.89,PAYMENT_METHOD_ERROR,CARD,88,0.9176,0.4779,0.6796,0.3236,4,1,3,RETRY,SUCCESS
training_0182,cust_0334,merchant_012,711.97,UNKNOWN_FAILURE,CARD,2252,0.3527,0.5273,0.5441,0.7854,2,1,1,RETRY,FAILURE
training_0183,cust_0299,merchant_002,27.77,PAYMENT_METHOD_ERROR,WALLET,1714,0.8951,0.1281,0.2947,0.8726,3,2,0,RETRY,FAILURE
training_0184,cust_0138,merchant_027,856.97,TEMPORARY_FAILURE,NETBANKING,1332,0.8985,0.2844,0.8262,0.2841,1,0,1,RETRY,SUCCESS
training_0185,cust_0263,merchant_042,183.50,TEMPORARY_FAILURE,WALLET,1767,0.2611,0.1153,0.7317,0.3122,0,0,0,REMINDER,FAILURE
training_0186,cust_0288,merchant_037,683.48,INSUFFICIENT_FUNDS,NETBANKING,26,0.5563,0.0627,0.9282,0.4778,0,0,0,RETRY,SUCCESS
training_0187,cust_0319,merchant_023,224.03,PAYMENT_METHOD_ERROR,CARD,1331,0.4822,0.3526,0.1221,0.8995,5,0,5,RETRY,FAILURE
training_0188,cust_0017,merchant_006,951.53,PAYMENT_METHOD_ERROR,CARD,1661,0.4457,0.1312,0.8844,0.5822,2,1,0,RETRY,FAILURE
training_0189,cust_0062,merchant_024,340.23,PAYMENT_METHOD_ERROR,CARD,2687,0.1385,0.4535,0.5435,0.2893,3,1,1,RETRY,FAILURE
training_0190,cust_0289,merchant_032,549.61,TEMPORARY_FAILURE,WALLET,1490,0.6730,0.1203,0.5395,0.3342,5,1,2,RETRY,SUCCESS
training_0191,cust_0069,merchant_014,999.48,PAYMENT_METHOD_ERROR,NETBANKING,1935,0.7827,0.8707,0.3740,0.1242,4,0,1,REMINDER,FAILURE
training_0192,cust_0042,merchant_040,863.05,PAYMENT_METHOD_ERROR,NETBANKING,522,0.5549,0.8162,0.7649,0.4170,2,1,1,RETRY,FAILURE
training_0193,cust_0112,merchant_026,432.23,UNKNOWN_FAILURE,CARD,70,0.4478,0.2054,0.5068,0.2564,2,0,0,REMINDER,FAILURE
training_0194,cust_0030,merchant_050,209.21,UNKNOWN_FAILURE,UPI,2322,0.3181,0.7233,0.4816,0.3802,5,0,3,REMINDER,SUCCESS
training_0195,cust_0308,merchant_005,369.89,TEMPORARY_FAILURE,NETBANKING,236,0.2722,0.8612,0.4463,0.4640,1,0,1,REMINDER,FAILURE
training_0196,cust_0179,merchant_043,454.87,UNKNOWN_FAILURE,CARD,2673,0.9418,0.0669,0.9147,0.6544,1,0,1,RETRY,FAILURE
training_0197,cust_0293,merchant_028,589.90,TEMPORARY_FAILURE,NETBANKING,2451,0.3945,0.5012,0.5066,0.2514,5,5,0,RETRY,FAILURE
training_0198,cust_0151,merchant_040,466.31,PAYMENT_METHOD_ERROR,WALLET,1304,0.4485,0.6000,0.4612,0.6360,0,0,0,RETRY,FAILURE
training_0199,cust_0103,merchant_023,310.84,INSUFFICIENT_FUNDS,UPI,1547,0.8246,0.1548,0.1530,0.1944,5,1,0,REMINDER,FAILURE
training_0200,cust_0145,merchant_043,815.74,PAYMENT_METHOD_ERROR,UPI,1047,0.2762,0.1822,0.4754,0.4448,3,2,0,RETRY,FAILURE
training_0201,cust_0044,merchant_025,733.99,TEMPORARY_FAILURE,UPI,677,0.7034,0.7444,0.7406,0.7846,2,0,0,RETRY,SUCCESS
training_0202,cust_0152,merchant_045,210.67,INSUFFICIENT_FUNDS,CARD,1889,0.9494,0.8360,0.6549,0.4432,4,4,0,RETRY,FAILURE
training_0203,cust_0130,merchant_001,184.35,INSUFFICIENT_FUNDS,WALLET,1217,0.7537,0.2508,0.2100,0.4408,2,1,1,REMINDER,FAILURE
training_0204,cust_0300,merchant_012,13.30,TEMPORARY_FAILURE,UPI,1374,0.3366,0.5220,0.3640,0.8481,2,0,1,REMINDER,FAILURE
training_0205,cust_0302,merchant_036,508.63,PAYMENT_METHOD_ERROR,NETBANKING,829,0.8454,0.4904,0.5932,0.5743,0,0,0,RETRY,SUCCESS
training_0206,cust_0192,merchant_001,250.22,PAYMENT_METHOD_ERROR,NETBANKING,1312,0.8608,0.6355,0.7011,0.4731,5,3,2,REMINDER,FAILURE
training_0207,cust_0219,merchant_046,757.51,UNKNOWN_FAILURE,WALLET,2361,0.3499,0.6096,0.3226,0.2602,3,3,0,REMINDER,FAILURE
training_0208,cust_0162,merchant_005,864.20,TEMPORARY_FAILURE,CARD,815,0.7246,0.3864,0.8747,0.4443,1,0,1,RETRY,SUCCESS
training_0209,cust_0303,merchant_037,155.93,INSUFFICIENT_FUNDS,NETBANKING,1415,0.8664,0.2504,0.2620,0.5467,3,0,2,REMINDER,FAILURE
training_0210,cust_0189,merchant_042,700.26,UNKNOWN_FAILURE,NETBANKING,2222,0.8520,0.0733,0.2844,0.5150,4,0,3,RETRY,FAILURE
training_0211,cust_0092,merchant_002,688.88,PAYMENT_METHOD_ERROR,CARD,2847,0.3004,0.8368,0.9430,0.2148,3,0,2,REMINDER,FAILURE
training_0212,cust_0234,merchant_007,96.92,TEMPORARY_FAILURE,CARD,310,0.4807,0.8214,0.9347,0.3260,5,1,0,RETRY,SUCCESS
training_0213,cust_0193,merchant_036,470.31,TEMPORARY_FAILURE,NETBANKING,1860,0.9224,0.7695,0.5281,0.6160,5,1,1,RETRY,FAILURE
training_0214,cust_0069,merchant_040,859.86,INSUFFICIENT_FUNDS,UPI,55,0.6037,0.2699,0.9290,0.2928,1,0,1,REMINDER,FAILURE
training_0215,cust_0316,merchant_025,486.41,INSUFFICIENT_FUNDS,WALLET,2849,0.4771,0.5926,0.5122,0.7094,0,0,0,REMINDER,FAILURE
training_0216,cust_0162,merchant_001,144.49,TEMPORARY_FAILURE,CARD,2372,0.2227,0.8780,0.6745,0.1691,0,0,0,RETRY,SUCCESS
training_0217,cust_0333,merchant_003,52.83,TEMPORARY_FAILURE,CARD,369,0.5656,0.2310,0.6857,0.0872,3,3,0,REMINDER,FAILURE
training_0218,cust_0071,merchant_031,92.57,INSUFFICIENT_FUNDS,WALLET,586,0.5162,0.6995,0.8756,0.6067,2,0,0,REMINDER,FAILURE
training_0219,cust_0079,merchant_027,676.73,TEMPORARY_FAILURE,CARD,1608,0.5278,0.8383,0.6775,0.5480,2,1,0,RETRY,FAILURE
training_0220,cust_0203,merchant_006,334.51,PAYMENT_METHOD_ERROR,CARD,430,0.1787,0.2941,0.7460,0.3110,4,1,2,RETRY,FAILURE
training_0221,cust_0147,merchant_041,316.16,UNKNOWN_FAILURE,CARD,1536,0.1877,0.6754,0.6352,0.2410,4,3,1,REMINDER,FAILURE
training_0222,cust_0333,merchant_046,864.77,PAYMENT_METHOD_ERROR,NETBANKING,2723,0.1234,0.4014,0.7965,0.1747,0,0,0,RETRY,FAILURE
training_0223,cust_0012,merchant_042,105.44,PAYMENT_METHOD_ERROR,NETBANKING,2568,0.9474,0.1606,0.1568,0.1123,3,2,1,RETRY,SUCCESS
training_0224,cust_0236,merchant_043,280.49,INSUFFICIENT_FUNDS,NETBANKING,1218,0.4565,0.8747,0.8943,0.4142,0,0,0,REMINDER,SUCCESS
training_0225,cust_0130,merchant_038,626.28,TEMPORARY_FAILURE,CARD,1517,0.4525,0.3880,0.5619,0.4441,1,0,1,REMINDER,FAILURE
training_0226,cust_0084,merchant_002,740.77,PAYMENT_METHOD_ERROR,CARD,682,0.7873,0.4377,0.7763,0.8499,5,2,0,RETRY,FAILURE
training_0227,cust_0197,merchant_004,518.12,PAYMENT_METHOD_ERROR,NETBANKING,171,0.3934,0.2698,0.2533,0.3729,4,0,0,RETRY,FAILURE
training_0228,cust_0148,merchant_007,840.32,INSUFFICIENT_FUNDS,NETBANKING,2020,0.5385,0.1410,0.9405,0.7838,2,2,0,RETRY,FAILURE
training_0229,cust_0140,merchant_035,998.64,TEMPORARY_FAILURE,UPI,1589,0.8649,0.4843,0.1310,0.5028,3,1,2,RETRY,SUCCESS
training_0230,cust_0248,merchant_011,665.92,INSUFFICIENT_FUNDS,UPI,1281,0.5975,0.2631,0.2617,0.6776,0,0,0,RETRY,FAILURE
training_0231,cust_0122,merchant_035,398.63,PAYMENT_METHOD_ERROR,NETBANKING,1827,0.9283,0.1481,0.9164,0.0637,3,1,0,REMINDER,FAILURE
training_0232,cust_0181,merchant_022,871.70,INSUFFICIENT_FUNDS,NETBANKING,861,0.5150,0.2575,0.3394,0.5944,3,3,0,RETRY,FAILURE
training_0233,cust_0285,merchant_038,621.12,PAYMENT_METHOD_ERROR,UPI,933,0.3402,0.7447,0.2380,0.6439,2,1,0,REMINDER,FAILURE
training_0234,cust_0125,merchant_030,43.14,INSUFFICIENT_FUNDS,NETBANKING,390,0.1813,0.8591,0.5679,0.7641,0,0,0,REMINDER,SUCCESS
training_0235,cust_0339,merchant_022,931.77,PAYMENT_METHOD_ERROR,WALLET,624,0.8796,0.1054,0.8673,0.8228,3,3,0,RETRY,FAILURE
training_0236,cust_0312,merchant_029,980.62,INSUFFICIENT_FUNDS,NETBANKING,2648,0.6951,0.2747,0.8949,0.7610,5,5,0,REMINDER,FAILURE
training_0237,cust_0340,merchant_048,347.64,INSUFFICIENT_FUNDS,UPI,171,0.3294,0.5231,0.4543,0.2064,3,1,1,RETRY,FAILURE
training_0238,cust_0187,merchant_039,13.30,TEMPORARY_FAILURE,UPI,538,0.2663,0.2813,0.8300,0.5797,2,1,1,REMINDER,FAILURE
training_0239,cust_0264,merchant_019,745.33,UNKNOWN_FAILURE,UPI,882,0.1178,0.5110,0.2201,0.3859,1,1,0,REMINDER,FAILURE
training_0240,cust_0299,merchant_049,739.90,PAYMENT_METHOD_ERROR,CARD,1982,0.6202,0.2477,0.3440,0.8456,5,2,3,RETRY,FAILURE
training_0241,cust_0308,merchant_042,973.41,TEMPORARY_FAILURE,NETBANKING,741,0.5045,0.7222,0.7829,0.3085,5,5,0,RETRY,SUCCESS
training_0242,cust_0262,merchant_005,637.60,TEMPORARY_FAILURE,WALLET,2125,0.5834,0.8695,0.9477,0.6906,0,0,0,REMINDER,FAILURE
training_0243,cust_0194,merchant_050,914.85,UNKNOWN_FAILURE,NETBANKING,1175,0.2440,0.3383,0.6319,0.7139,5,3,2,REMINDER,FAILURE
training_0244,cust_0344,merchant_015,389.44,UNKNOWN_FAILURE,WALLET,2591,0.2667,0.6756,0.5286,0.2634,1,1,0,RETRY,FAILURE
training_0245,cust_0023,merchant_014,929.23,UNKNOWN_FAILURE,NETBANKING,1699,0.3936,0.1073,0.6174,0.3861,1,0,1,RETRY,FAILURE
training_0246,cust_0184,merchant_027,715.96,INSUFFICIENT_FUNDS,WALLET,1523,0.8837,0.0930,0.5347,0.2226,1,0,0,RETRY,FAILURE
training_0247,cust_0326,merchant_039,388.73,TEMPORARY_FAILURE,CARD,2670,0.8894,0.5200,0.5497,0.8170,2,0,2,REMINDER,FAILURE
training_0248,cust_0141,merchant_004,684.21,UNKNOWN_FAILURE,CARD,397,0.1372,0.2741,0.5264,0.2639,0,0,0,REMINDER,FAILURE
training_0249,cust_0302,merchant_040,390.38,PAYMENT_METHOD_ERROR,NETBANKING,2519,0.2373,0.8926,0.4647,0.8144,1,1,0,REMINDER,FAILURE
training_0250,cust_0052,merchant_015,142.10,UNKNOWN_FAILURE,NETBANKING,950,0.5837,0.4174,0.2989,0.0761,1,1,0,RETRY,SUCCESS
training_0251,cust_0301,merchant_028,967.99,PAYMENT_METHOD_ERROR,NETBANKING,2614,0.4618,0.0570,0.1766,0.5590,1,0,1,REMINDER,FAILURE
training_0252,cust_0172,merchant_008,650.41,UNKNOWN_FAILURE,UPI,362,0.9114,0.4267,0.2091,0.2932,3,1,0,REMINDER,FAILURE
training_0253,cust_0008,merchant_012,950.19,TEMPORARY_FAILURE,CARD,1901,0.6575,0.1474,0.1230,0.0552,1,0,1,REMINDER,SUCCESS
training_0254,cust_0346,merchant_048,279.91,INSUFFICIENT_FUNDS,UPI,2327,0.9476,0.5244,0.1331,0.3128,1,1,0,RETRY,FAILURE
training_0255,cust_0151,merchant_022,871.62,TEMPORARY_FAILURE,UPI,163,0.1741,0.2565,0.1049,0.8204,0,0,0,REMINDER,FAILURE
training_0256,cust_0073,merchant_025,576.12,INSUFFICIENT_FUNDS,CARD,618,0.3043,0.7049,0.7140,0.3102,5,4,0,REMINDER,FAILURE
training_0257,cust_0102,merchant_008,29.19,INSUFFICIENT_FUNDS,UPI,1278,0.5925,0.6907,0.5269,0.4262,2,1,1,REMINDER,FAILURE
training_0258,cust_0336,merchant_016,749.16,PAYMENT_METHOD_ERROR,UPI,1338,0.2340,0.3892,0.5906,0.7346,5,3,1,RETRY,FAILURE
training_0259,cust_0344,merchant_032,466.23,UNKNOWN_FAILURE,WALLET,1562,0.3515,0.4007,0.8465,0.2079,0,0,0,RETRY,FAILURE
training_0260,cust_0219,merchant_006,555.89,INSUFFICIENT_FUNDS,CARD,181,0.2312,0.1166,0.3307,0.7832,2,0,0,REMINDER,FAILURE
training_0261,cust_0347,merchant_013,638.94,PAYMENT_METHOD_ERROR,NETBANKING,525,0.2851,0.2075,0.6273,0.4278,3,2,0,RETRY,SUCCESS
training_0262,cust_0082,merchant_021,355.10,INSUFFICIENT_FUNDS,WALLET,93,0.4878,0.8453,0.8509,0.4043,5,0,5,RETRY,SUCCESS
training_0263,cust_0327,merchant_011,18.56,INSUFFICIENT_FUNDS,CARD,134,0.2489,0.4013,0.6082,0.0754,3,0,0,RETRY,FAILURE
training_0264,cust_0018,merchant_040,52.87,UNKNOWN_FAILURE,WALLET,263,0.7962,0.5330,0.1707,0.4634,5,5,0,RETRY,FAILURE
training_0265,cust_0147,merchant_012,731.71,INSUFFICIENT_FUNDS,CARD,1796,0.1675,0.5382,0.8812,0.7651,2,0,1,REMINDER,FAILURE
training_0266,cust_0183,merchant_049,423.51,UNKNOWN_FAILURE,UPI,23,0.5180,0.3362,0.6775,0.0632,2,2,0,REMINDER,FAILURE
training_0267,cust_0049,merchant_046,314.83,INSUFFICIENT_FUNDS,NETBANKING,309,0.1188,0.3624,0.4985,0.8397,5,2,2,REMINDER,SUCCESS
training_0268,cust_0258,merchant_030,679.17,UNKNOWN_FAILURE,UPI,1463,0.4933,0.4440,0.3095,0.6792,0,0,0,RETRY,FAILURE
training_0269,cust_0047,merchant_026,184.24,UNKNOWN_FAILURE,CARD,2799,0.8238,0.1136,0.9299,0.7118,3,0,3,RETRY,SUCCESS
training_0270,cust_0088,merchant_048,843.31,PAYMENT_METHOD_ERROR,WALLET,2760,0.4075,0.7445,0.6375,0.8432,0,0,0,RETRY,SUCCESS
training_0271,cust_0085,merchant_038,608.36,UNKNOWN_FAILURE,NETBANKING,1117,0.5621,0.1163,0.4654,0.1364,2,1,0,REMINDER,FAILURE
training_0272,cust_0259,merchant_030,901.41,INSUFFICIENT_FUNDS,CARD,794,0.6868,0.2857,0.2220,0.8553,4,0,1,RETRY,FAILURE
training_0273,cust_0169,merchant_018,993.57,TEMPORARY_FAILURE,UPI,349,0.7488,0.0754,0.2772,0.2528,0,0,0,RETRY,FAILURE
training_0274,cust_0076,merchant_045,809.52,INSUFFICIENT_FUNDS,CARD,1800,0.6417,0.7291,0.1594,0.0598,0,0,0,RETRY,SUCCESS
training_0275,cust_0234,merchant_019,119.64,TEMPORARY_FAILURE,WALLET,98,0.5728,0.0504,0.3017,0.5389,1,0,0,REMINDER,FAILURE
training_0276,cust_0095,merchant_015,939.89,TEMPORARY_FAILURE,WALLET,816,0.5259,0.7120,0.6212,0.2781,0,0,0,RETRY,SUCCESS
training_0277,cust_0152,merchant_038,961.12,INSUFFICIENT_FUNDS,UPI,2087,0.1001,0.3443,0.3082,0.2479,2,0,1,REMINDER,FAILURE
training_0278,cust_0191,merchant_025,570.52,TEMPORARY_FAILURE,NETBANKING,2474,0.7905,0.4529,0.8922,0.4107,2,2,0,RETRY,FAILURE
training_0279,cust_0286,merchant_038,854.41,UNKNOWN_FAILURE,UPI,2188,0.5737,0.1301,0.7554,0.5504,0,0,0,RETRY,FAILURE
training_0280,cust_0305,merchant_002,644.60,TEMPORARY_FAILURE,WALLET,1149,0.7793,0.7748,0.2438,0.4587,2,2,0,REMINDER,FAILURE
training_0281,cust_0249,merchant_004,248.94,INSUFFICIENT_FUNDS,UPI,195,0.4187,0.5956,0.2646,0.7559,5,3,1,REMINDER,FAILURE
training_0282,cust_0340,merchant_009,5.62,PAYMENT_METHOD_ERROR,UPI,2044,0.6379,0.4775,0.6702,0.3402,5,5,0,RETRY,FAILURE
training_0283,cust_0004,merchant_047,802.42,INSUFFICIENT_FUNDS,WALLET,395,0.5129,0.4392,0.1035,0.8308,1,0,0,REMINDER,FAILURE
training_0284,cust_0209,merchant_013,13.32,TEMPORARY_FAILURE,CARD,1897,0.4316,0.4052,0.2520,0.4582,3,1,0,REMINDER,FAILURE
training_0285,cust_0109,merchant_044,563.91,INSUFFICIENT_FUNDS,CARD,1348,0.4471,0.8948,0.3924,0.8966,3,0,0,RETRY,SUCCESS
training_0286,cust_0225,merchant_040,960.83,INSUFFICIENT_FUNDS,NETBANKING,1959,0.2871,0.6427,0.6274,0.1428,2,0,1,RETRY,FAILURE
training_0287,cust_0008,merchant_012,299.04,INSUFFICIENT_FUNDS,CARD,805,0.6679,0.8612,0.3923,0.6017,0,0,0,RETRY,FAILURE
training_0288,cust_0107,merchant_030,510.33,INSUFFICIENT_FUNDS,UPI,2217,0.8291,0.1545,0.8597,0.5157,5,2,3,REMINDER,SUCCESS
training_0289,cust_0332,merchant_046,713.32,TEMPORARY_FAILURE,CARD,96,0.6825,0.5279,0.3834,0.1378,1,0,0,RETRY,SUCCESS
training_0290,cust_0046,merchant_009,571.98,UNKNOWN_FAILURE,NETBANKING,1183,0.5307,0.8807,0.1505,0.1474,1,1,0,REMINDER,FAILURE
training_0291,cust_0003,merchant_012,602.64,INSUFFICIENT_FUNDS,CARD,492,0.7526,0.0784,0.8994,0.3003,4,0,3,REMINDER,SUCCESS
training_0292,cust_0077,merchant_031,237.37,TEMPORARY_FAILURE,WALLET,2396,0.6195,0.6633,0.5031,0.4138,5,5,0,RETRY,SUCCESS
training_0293,cust_0214,merchant_036,550.20,UNKNOWN_FAILURE,CARD,757,0.4522,0.5311,0.8284,0.7444,4,1,1,REMINDER,FAILURE
training_0294,cust_0091,merchant_033,895.35,INSUFFICIENT_FUNDS,WALLET,1394,0.2148,0.2312,0.8774,0.0940,0,0,0,REMINDER,FAILURE
training_0295,cust_0350,merchant_011,743.12,INSUFFICIENT_FUNDS,WALLET,1386,0.7060,0.7913,0.7300,0.7538,5,0,4,REMINDER,FAILURE
training_0296,cust_0188,merchant_024,280.09,UNKNOWN_FAILURE,UPI,1006,0.8024,0.0594,0.9086,0.3892,0,0,0,REMINDER,SUCCESS
training_0297,cust_0265,merchant_032,134.05,INSUFFICIENT_FUNDS,UPI,2348,0.2507,0.7571,0.4201,0.3985,2,0,0,REMINDER,FAILURE
training_0298,cust_0012,merchant_028,961.04,PAYMENT_METHOD_ERROR,WALLET,737,0.6490,0.1259,0.4953,0.5816,2,2,0,RETRY,FAILURE
training_0299,cust_0096,merchant_017,638.64,PAYMENT_METHOD_ERROR,WALLET,1189,0.7896,0.2009,0.6212,0.8184,3,0,1,RETRY,FAILURE
training_0300,cust_0060,merchant_025,71.15,PAYMENT_METHOD_ERROR,UPI,2835,0.7713,0.3932,0.5289,0.1402,1,1,0,RETRY,FAILURE
training_0301,cust_0343,merchant_036,313.61,TEMPORARY_FAILURE,NETBANKING,2116,0.5642,0.5199,0.6593,0.5448,4,1,1,RETRY,FAILURE
training_0302,cust_0180,merchant_042,547.85,UNKNOWN_FAILURE,WALLET,2664,0.1668,0.6665,0.7714,0.1795,4,1,3,RETRY,FAILURE
training_0303,cust_0263,merchant_004,740.48,TEMPORARY_FAILURE,CARD,1147,0.7925,0.1136,0.3884,0.3970,5,0,4,RETRY,FAILURE
training_0304,cust_0038,merchant_033,680.00,PAYMENT_METHOD_ERROR,WALLET,1012,0.8435,0.6866,0.3782,0.6562,5,5,0,REMINDER,FAILURE
training_0305,cust_0238,merchant_010,149.91,TEMPORARY_FAILURE,WALLET,1812,0.2268,0.0858,0.9102,0.6711,4,1,3,RETRY,FAILURE
training_0306,cust_0032,merchant_034,791.91,TEMPORARY_FAILURE,WALLET,1903,0.2344,0.1412,0.4085,0.3173,5,0,2,REMINDER,FAILURE
training_0307,cust_0096,merchant_013,146.24,INSUFFICIENT_FUNDS,NETBANKING,1205,0.3289,0.3837,0.7909,0.1195,0,0,0,REMINDER,FAILURE
training_0308,cust_0165,merchant_022,557.49,INSUFFICIENT_FUNDS,NETBANKING,1857,0.4848,0.8887,0.2043,0.5519,3,0,2,RETRY,FAILURE
training_0309,cust_0140,merchant_003,544.47,INSUFFICIENT_FUNDS,CARD,553,0.4198,0.4649,0.2154,0.0764,1,1,0,RETRY,SUCCESS
training_0310,cust_0315,merchant_050,486.28,TEMPORARY_FAILURE,WALLET,661,0.1781,0.7439,0.6436,0.7069,4,2,0,REMINDER,FAILURE
training_0311,cust_0251,merchant_006,913.81,TEMPORARY_FAILURE,NETBANKING,2753,0.4997,0.7486,0.2098,0.1175,3,3,0,RETRY,FAILURE
training_0312,cust_0246,merchant_033,719.09,UNKNOWN_FAILURE,WALLET,1931,0.2937,0.2528,0.8170,0.4579,4,1,0,RETRY,FAILURE
training_0313,cust_0226,merchant_027,301.47,INSUFFICIENT_FUNDS,CARD,2455,0.2132,0.5406,0.9496,0.2609,0,0,0,RETRY,SUCCESS
training_0314,cust_0261,merchant_012,701.24,PAYMENT_METHOD_ERROR,NETBANKING,585,0.8259,0.1770,0.6493,0.7334,1,1,0,RETRY,SUCCESS
training_0315,cust_0127,merchant_034,753.18,PAYMENT_METHOD_ERROR,WALLET,2422,0.1505,0.3907,0.3254,0.4511,2,2,0,RETRY,SUCCESS
training_0316,cust_0122,merchant_022,602.37,UNKNOWN_FAILURE,CARD,1511,0.8401,0.7809,0.4066,0.2687,1,0,0,RETRY,FAILURE
training_0317,cust_0320,merchant_045,689.62,TEMPORARY_FAILURE,WALLET,1622,0.4797,0.3033,0.2279,0.0508,0,0,0,REMINDER,FAILURE
training_0318,cust_0271,merchant_040,345.99,INSUFFICIENT_FUNDS,WALLET,1120,0.4502,0.8571,0.3514,0.3400,0,0,0,REMINDER,SUCCESS
training_0319,cust_0131,merchant_009,955.59,INSUFFICIENT_FUNDS,WALLET,2235,0.3777,0.3955,0.4192,0.4538,4,4,0,REMINDER,FAILURE
training_0320,cust_0269,merchant_007,21.72,UNKNOWN_FAILURE,CARD,507,0.6582,0.8743,0.1242,0.3798,2,1,1,RETRY,FAILURE
training_0321,cust_0315,merchant_047,826.20,UNKNOWN_FAILURE,NETBANKING,114,0.2277,0.4700,0.1505,0.8074,4,2,2,REMINDER,FAILURE
training_0322,cust_0258,merchant_020,562.39,PAYMENT_METHOD_ERROR,WALLET,1218,0.5313,0.2545,0.2023,0.7168,4,2,1,REMINDER,FAILURE
training_0323,cust_0196,merchant_013,901.39,INSUFFICIENT_FUNDS,CARD,1001,0.9297,0.8079,0.3643,0.8709,0,0,0,RETRY,SUCCESS
training_0324,cust_0290,merchant_011,48.55,UNKNOWN_FAILURE,NETBANKING,2028,0.7707,0.1472,0.6795,0.8251,2,0,2,REMINDER,FAILURE
training_0325,cust_0260,merchant_014,271.03,UNKNOWN_FAILURE,CARD,366,0.8070,0.3678,0.6519,0.5159,3,0,2,REMINDER,FAILURE
training_0326,cust_0302,merchant_030,354.95,UNKNOWN_FAILURE,WALLET,1914,0.1117,0.1514,0.6778,0.7734,5,5,0,REMINDER,FAILURE
training_0327,cust_0346,merchant_039,719.38,PAYMENT_METHOD_ERROR,WALLET,701,0.7049,0.3328,0.5352,0.7217,2,0,2,RETRY,SUCCESS
training_0328,cust_0338,merchant_040,653.68,TEMPORARY_FAILURE,NETBANKING,1809,0.5654,0.1423,0.5725,0.7486,4,1,3,REMINDER,FAILURE
training_0329,cust_0025,merchant_018,843.25,PAYMENT_METHOD_ERROR,WALLET,2409,0.2735,0.8395,0.8836,0.2347,4,4,0,RETRY,FAILURE
training_0330,cust_0110,merchant_033,908.90,UNKNOWN_FAILURE,UPI,2053,0.7355,0.2221,0.9424,0.8309,3,1,2,RETRY,FAILURE
training_0331,cust_0186,merchant_025,407.97,PAYMENT_METHOD_ERROR,NETBANKING,66,0.7965,0.6743,0.2199,0.8992,3,3,0,RETRY,FAILURE
training_0332,cust_0127,merchant_033,214.45,PAYMENT_METHOD_ERROR,UPI,742,0.7401,0.5830,0.3537,0.1752,4,1,3,RETRY,FAILURE
training_0333,cust_0064,merchant_027,267.65,INSUFFICIENT_FUNDS,WALLET,2484,0.4983,0.0980,0.1444,0.3988,2,2,0,RETRY,FAILURE
training_0334,cust_0112,merchant_002,390.51,UNKNOWN_FAILURE,NETBANKING,2870,0.1797,0.8432,0.4010,0.0835,3,2,1,RETRY,FAILURE
training_0335,cust_0136,merchant_028,512.98,PAYMENT_METHOD_ERROR,UPI,1470,0.2109,0.7070,0.4884,0.1487,0,0,0,REMINDER,FAILURE
training_0336,cust_0107,merchant_029,267.77,INSUFFICIENT_FUNDS,CARD,1278,0.1316,0.3645,0.5909,0.3311,5,3,2,RETRY,FAILURE
training_0337,cust_0271,merchant_027,431.71,PAYMENT_METHOD_ERROR,UPI,67,0.9473,0.3675,0.4921,0.2213,0,0,0,RETRY,FAILURE
training_0338,cust_0331,merchant_033,824.64,PAYMENT_METHOD_ERROR,NETBANKING,2478,0.7065,0.3001,0.4635,0.6005,2,0,1,REMINDER,FAILURE
training_0339,cust_0068,merchant_017,253.30,PAYMENT_METHOD_ERROR,WALLET,356,0.8384,0.3290,0.4566,0.1881,2,0,1,REMINDER,FAILURE
training_0340,cust_0184,merchant_011,642.73,UNKNOWN_FAILURE,WALLET,929,0.5699,0.3131,0.5449,0.2708,4,0,2,RETRY,FAILURE
training_0341,cust_0323,merchant_045,489.34,INSUFFICIENT_FUNDS,WALLET,671,0.5239,0.7730,0.2657,0.6517,5,1,3,REMINDER,FAILURE
training_0342,cust_0315,merchant_029,723.38,TEMPORARY_FAILURE,UPI,69,0.1099,0.7780,0.3860,0.6602,4,0,1,REMINDER,FAILURE
training_0343,cust_0196,merchant_014,927.72,UNKNOWN_FAILURE,UPI,2557,0.1758,0.8896,0.8729,0.7124,3,2,0,REMINDER,FAILURE
training_0344,cust_0328,merchant_034,563.01,INSUFFICIENT_FUNDS,NETBANKING,74,0.3289,0.3662,0.3951,0.3252,5,3,2,RETRY,FAILURE
training_0345,cust_0140,merchant_035,705.00,TEMPORARY_FAILURE,UPI,999,0.5147,0.5794,0.2175,0.8805,5,4,0,REMINDER,FAILURE
training_0346,cust_0002,merchant_001,699.26,UNKNOWN_FAILURE,NETBANKING,16,0.3412,0.3185,0.2919,0.2376,1,0,0,REMINDER,FAILURE
training_0347,cust_0129,merchant_020,280.98,INSUFFICIENT_FUNDS,UPI,940,0.3035,0.3049,0.2180,0.7431,3,2,1,RETRY,FAILURE
training_0348,cust_0268,merchant_010,308.11,UNKNOWN_FAILURE,CARD,805,0.3821,0.3316,0.5490,0.7566,1,0,0,REMINDER,FAILURE
training_0349,cust_0057,merchant_007,947.87,INSUFFICIENT_FUNDS,NETBANKING,28,0.7116,0.8062,0.6087,0.8696,2,1,0,REMINDER,SUCCESS
training_0350,cust_0040,merchant_019,872.40,TEMPORARY_FAILURE,WALLET,2045,0.7286,0.8317,0.4245,0.4437,3,1,1,RETRY,SUCCESS
training_0351,cust_0292,merchant_038,641.65,TEMPORARY_FAILURE,WALLET,2424,0.4632,0.4520,0.8824,0.0964,3,0,2,RETRY,FAILURE
training_0352,cust_0022,merchant_015,583.71,PAYMENT_METHOD_ERROR,UPI,1367,0.7633,0.3893,0.3063,0.2670,0,0,0,REMINDER,SUCCESS
training_0353,cust_0191,merchant_004,542.01,TEMPORARY_FAILURE,WALLET,2491,0.4902,0.5096,0.4965,0.4040,4,3,0,REMINDER,FAILURE
training_0354,cust_0208,merchant_041,12.57,INSUFFICIENT_FUNDS,NETBANKING,443,0.1472,0.2227,0.5090,0.5586,2,0,1,RETRY,FAILURE
training_0355,cust_0312,merchant_001,886.02,INSUFFICIENT_FUNDS,WALLET,2542,0.6725,0.5060,0.1102,0.5582,5,2,2,RETRY,FAILURE
training_0356,cust_0311,merchant_016,152.95,TEMPORARY_FAILURE,WALLET,225,0.2300,0.7484,0.7520,0.3499,1,0,0,REMINDER,FAILURE
training_0357,cust_0267,merchant_025,337.38,INSUFFICIENT_FUNDS,WALLET,491,0.3734,0.7896,0.5248,0.2840,1,1,0,RETRY,FAILURE
training_0358,cust_0141,merchant_030,869.95,PAYMENT_METHOD_ERROR,CARD,357,0.1356,0.3588,0.8839,0.4036,0,0,0,RETRY,SUCCESS
training_0359,cust_0142,merchant_031,586.65,TEMPORARY_FAILURE,WALLET,972,0.8174,0.8051,0.1185,0.8929,3,1,2,REMINDER,FAILURE
training_0360,cust_0242,merchant_018,28.36,INSUFFICIENT_FUNDS,CARD,1839,0.2930,0.2474,0.5750,0.2249,0,0,0,RETRY,FAILURE
training_0361,cust_0289,merchant_042,12.97,PAYMENT_METHOD_ERROR,WALLET,851,0.8721,0.7081,0.2367,0.2017,2,1,0,RETRY,FAILURE
training_0362,cust_0008,merchant_019,808.26,TEMPORARY_FAILURE,NETBANKING,1493,0.7768,0.4599,0.6840,0.8274,0,0,0,RETRY,FAILURE
training_0363,cust_0174,merchant_035,629.39,INSUFFICIENT_FUNDS,CARD,1510,0.7077,0.5098,0.4061,0.6905,0,0,0,RETRY,FAILURE
training_0364,cust_0325,merchant_033,918.20,UNKNOWN_FAILURE,CARD,1805,0.7130,0.7441,0.4294,0.1656,2,1,0,REMINDER,FAILURE
training_0365,cust_0039,merchant_034,389.92,UNKNOWN_FAILURE,NETBANKING,2710,0.4591,0.7704,0.1251,0.2446,4,3,1,REMINDER,FAILURE
training_0366,cust_0184,merchant_009,752.28,UNKNOWN_FAILURE,NETBANKING,419,0.2281,0.0549,0.2152,0.2676,1,0,1,REMINDER,FAILURE
training_0367,cust_0104,merchant_035,303.51,UNKNOWN_FAILURE,NETBANKING,165,0.1935,0.2142,0.9487,0.1988,4,2,1,RETRY,FAILURE
training_0368,cust_0244,merchant_010,220.48,UNKNOWN_FAILURE,CARD,1531,0.8847,0.4786,0.2444,0.7517,4,0,3,RETRY,FAILURE
training_0369,cust_0072,merchant_018,28.24,UNKNOWN_FAILURE,WALLET,1298,0.3874,0.2296,0.8992,0.4567,5,4,1,REMINDER,FAILURE
training_0370,cust_0241,merchant_031,332.58,UNKNOWN_FAILURE,UPI,1967,0.4756,0.4532,0.3230,0.0583,4,0,0,REMINDER,FAILURE
training_0371,cust_0007,merchant_037,319.34,PAYMENT_METHOD_ERROR,UPI,1560,0.3116,0.1975,0.9190,0.8962,4,1,0,REMINDER,FAILURE
training_0372,cust_0287,merchant_006,173.07,TEMPORARY_FAILURE,CARD,2582,0.4260,0.1057,0.1429,0.8301,2,0,1,RETRY,FAILURE
training_0373,cust_0174,merchant_044,559.36,TEMPORARY_FAILURE,WALLET,137,0.8832,0.3304,0.6242,0.7718,4,0,2,REMINDER,FAILURE
training_0374,cust_0245,merchant_020,917.29,UNKNOWN_FAILURE,NETBANKING,1149,0.1793,0.7077,0.4046,0.6432,2,2,0,REMINDER,FAILURE
training_0375,cust_0210,merchant_033,49.26,UNKNOWN_FAILURE,NETBANKING,2594,0.8675,0.1933,0.5234,0.7261,4,2,2,REMINDER,FAILURE
training_0376,cust_0184,merchant_010,383.71,INSUFFICIENT_FUNDS,NETBANKING,1192,0.5644,0.1647,0.1291,0.1580,3,0,0,RETRY,FAILURE
training_0377,cust_0189,merchant_045,138.00,TEMPORARY_FAILURE,WALLET,1143,0.5750,0.6713,0.1225,0.6366,1,1,0,REMINDER,FAILURE
training_0378,cust_0161,merchant_015,245.81,TEMPORARY_FAILURE,UPI,1167,0.5606,0.1328,0.9417,0.1133,4,2,0,REMINDER,FAILURE
training_0379,cust_0300,merchant_039,94.91,INSUFFICIENT_FUNDS,CARD,361,0.5155,0.4540,0.9141,0.7282,5,1,0,RETRY,FAILURE
training_0380,cust_0088,merchant_031,717.22,INSUFFICIENT_FUNDS,WALLET,2851,0.4090,0.1716,0.7266,0.7085,0,0,0,RETRY,SUCCESS
training_0381,cust_0088,merchant_011,873.36,PAYMENT_METHOD_ERROR,NETBANKING,2558,0.8424,0.6439,0.1532,0.6856,2,2,0,REMINDER,FAILURE
training_0382,cust_0057,merchant_033,772.48,PAYMENT_METHOD_ERROR,UPI,489,0.4636,0.3960,0.6667,0.5842,4,3,0,RETRY,FAILURE
training_0383,cust_0295,merchant_025,962.14,TEMPORARY_FAILURE,NETBANKING,1988,0.1894,0.3385,0.1415,0.8934,2,1,1,REMINDER,FAILURE
training_0384,cust_0219,merchant_037,327.61,PAYMENT_METHOD_ERROR,WALLET,2251,0.7631,0.7269,0.2745,0.1983,3,0,1,RETRY,FAILURE
training_0385,cust_0006,merchant_031,578.09,TEMPORARY_FAILURE,CARD,1092,0.4540,0.1208,0.2717,0.7133,3,3,0,RETRY,SUCCESS
training_0386,cust_0104,merchant_048,259.65,INSUFFICIENT_FUNDS,CARD,385,0.4945,0.7638,0.4523,0.1598,2,0,0,RETRY,FAILURE
training_0387,cust_0279,merchant_046,290.07,PAYMENT_METHOD_ERROR,UPI,2094,0.5840,0.4686,0.3998,0.8372,5,0,4,RETRY,FAILURE
training_0388,cust_0012,merchant_041,575.39,PAYMENT_METHOD_ERROR,NETBANKING,2536,0.9490,0.6945,0.4898,0.3963,2,0,1,RETRY,FAILURE
training_0389,cust_0117,merchant_018,229.26,PAYMENT_METHOD_ERROR,WALLET,1613,0.2178,0.4493,0.2300,0.5366,1,0,0,REMINDER,FAILURE
training_0390,cust_0285,merchant_045,144.55,UNKNOWN_FAILURE,NETBANKING,2648,0.6310,0.5834,0.7192,0.1565,5,0,1,RETRY,FAILURE
training_0391,cust_0339,merchant_035,452.91,TEMPORARY_FAILURE,WALLET,2077,0.1374,0.3392,0.6055,0.6968,0,0,0,REMINDER,FAILURE
training_0392,cust_0140,merchant_007,486.59,UNKNOWN_FAILURE,CARD,1670,0.6272,0.4620,0.6707,0.6671,2,1,0,REMINDER,FAILURE
training_0393,cust_0028,merchant_028,909.41,INSUFFICIENT_FUNDS,CARD,2601,0.6009,0.1843,0.8435,0.2126,2,0,0,RETRY,SUCCESS
training_0394,cust_0092,merchant_013,844.15,TEMPORARY_FAILURE,WALLET,1186,0.1968,0.6559,0.5247,0.4621,4,3,0,RETRY,FAILURE
training_0395,cust_0060,merchant_030,349.20,PAYMENT_METHOD_ERROR,CARD,227,0.1062,0.7150,0.2388,0.7807,1,0,1,RETRY,FAILURE
training_0396,cust_0265,merchant_030,11.54,UNKNOWN_FAILURE,UPI,370,0.6536,0.2712,0.1958,0.5409,4,3,1,RETRY,FAILURE
training_0397,cust_0292,merchant_005,131.03,PAYMENT_METHOD_ERROR,CARD,1742,0.5996,0.6001,0.1673,0.6778,1,0,0,REMINDER,FAILURE
training_0398,cust_0041,merchant_046,876.15,UNKNOWN_FAILURE,UPI,1760,0.6372,0.2597,0.1798,0.2146,1,0,0,RETRY,FAILURE
training_0399,cust_0120,merchant_035,446.18,TEMPORARY_FAILURE,WALLET,140,0.8653,0.7684,0.7743,0.1681,5,4,1,REMINDER,FAILURE
training_0400,cust_0211,merchant_049,406.02,PAYMENT_METHOD_ERROR,UPI,1824,0.6458,0.5042,0.5764,0.3155,2,1,0,REMINDER,FAILURE
training_0401,cust_0118,merchant_030,142.03,TEMPORARY_FAILURE,UPI,1308,0.6772,0.6817,0.7240,0.8535,4,2,2,REMINDER,FAILURE
training_0402,cust_0181,merchant_012,708.82,UNKNOWN_FAILURE,UPI,1662,0.4016,0.1159,0.5517,0.1683,1,1,0,RETRY,SUCCESS
training_0403,cust_0254,merchant_035,43.03,UNKNOWN_FAILURE,UPI,2782,0.5524,0.1098,0.4949,0.8517,2,0,0,REMINDER,FAILURE
training_0404,cust_0293,merchant_003,53.48,INSUFFICIENT_FUNDS,UPI,116,0.9403,0.1671,0.3610,0.6678,4,4,0,REMINDER,FAILURE
training_0405,cust_0262,merchant_042,421.34,PAYMENT_METHOD_ERROR,WALLET,349,0.1570,0.4822,0.8311,0.8638,5,2,1,RETRY,FAILURE
training_0406,cust_0248,merchant_024,917.76,INSUFFICIENT_FUNDS,UPI,1063,0.1501,0.8147,0.5023,0.5878,3,2,1,RETRY,FAILURE
training_0407,cust_0145,merchant_011,581.29,TEMPORARY_FAILURE,NETBANKING,1154,0.4166,0.7161,0.5357,0.2777,5,1,1,RETRY,SUCCESS
training_0408,cust_0336,merchant_019,917.74,PAYMENT_METHOD_ERROR,NETBANKING,2449,0.9095,0.8925,0.3052,0.5349,3,1,1,RETRY,FAILURE
training_0409,cust_0146,merchant_021,601.36,TEMPORARY_FAILURE,CARD,11,0.4326,0.1056,0.1520,0.0951,2,2,0,RETRY,FAILURE
training_0410,cust_0117,merchant_009,909.08,PAYMENT_METHOD_ERROR,WALLET,2665,0.2077,0.1913,0.4401,0.2122,4,2,2,RETRY,FAILURE
training_0411,cust_0194,merchant_005,868.87,UNKNOWN_FAILURE,NETBANKING,1253,0.5977,0.4028,0.3851,0.0987,2,1,1,REMINDER,FAILURE
training_0412,cust_0160,merchant_050,489.08,PAYMENT_METHOD_ERROR,UPI,2428,0.4175,0.4793,0.1481,0.4599,3,3,0,RETRY,FAILURE
training_0413,cust_0196,merchant_045,870.97,INSUFFICIENT_FUNDS,WALLET,566,0.2183,0.6351,0.6644,0.6129,4,1,3,REMINDER,FAILURE
training_0414,cust_0219,merchant_042,999.71,INSUFFICIENT_FUNDS,UPI,2341,0.1937,0.1357,0.3222,0.2856,2,2,0,RETRY,FAILURE
training_0415,cust_0314,merchant_004,941.33,INSUFFICIENT_FUNDS,CARD,998,0.6099,0.6789,0.6341,0.7588,4,0,0,RETRY,FAILURE
training_0416,cust_0089,merchant_008,591.27,TEMPORARY_FAILURE,UPI,1179,0.7627,0.7055,0.2635,0.1504,0,0,0,RETRY,SUCCESS
training_0417,cust_0306,merchant_031,354.05,PAYMENT_METHOD_ERROR,NETBANKING,2158,0.8172,0.7454,0.2279,0.6871,4,3,0,RETRY,FAILURE
training_0418,cust_0008,merchant_002,971.47,UNKNOWN_FAILURE,UPI,2587,0.5502,0.4465,0.7873,0.0726,5,3,0,REMINDER,FAILURE
training_0419,cust_0112,merchant_047,762.40,PAYMENT_METHOD_ERROR,NETBANKING,2076,0.6337,0.6042,0.6228,0.5530,4,2,2,REMINDER,FAILURE
training_0420,cust_0312,merchant_021,81.16,INSUFFICIENT_FUNDS,UPI,304,0.8317,0.5681,0.1246,0.0872,5,2,0,REMINDER,FAILURE
training_0421,cust_0055,merchant_013,414.75,TEMPORARY_FAILURE,CARD,117,0.8093,0.1259,0.8804,0.1594,3,1,1,REMINDER,FAILURE
training_0422,cust_0169,merchant_046,725.55,TEMPORARY_FAILURE,NETBANKING,108,0.8267,0.1689,0.1376,0.7662,3,1,2,RETRY,FAILURE
training_0423,cust_0265,merchant_012,320.60,PAYMENT_METHOD_ERROR,UPI,1512,0.2308,0.8274,0.2118,0.5847,2,1,1,REMINDER,FAILURE
training_0424,cust_0173,merchant_044,68.05,UNKNOWN_FAILURE,UPI,2710,0.7821,0.5429,0.6909,0.6339,0,0,0,REMINDER,FAILURE
training_0425,cust_0335,merchant_016,634.73,INSUFFICIENT_FUNDS,NETBANKING,2765,0.1385,0.6971,0.7199,0.8982,3,2,0,RETRY,FAILURE
training_0426,cust_0006,merchant_041,751.74,TEMPORARY_FAILURE,WALLET,2573,0.9119,0.2829,0.6737,0.3991,5,1,1,REMINDER,SUCCESS
training_0427,cust_0059,merchant_041,834.55,INSUFFICIENT_FUNDS,NETBANKING,1771,0.4786,0.7152,0.4324,0.1369,5,2,0,REMINDER,FAILURE
training_0428,cust_0032,merchant_038,627.25,INSUFFICIENT_FUNDS,CARD,944,0.1675,0.2690,0.1058,0.5040,0,0,0,REMINDER,SUCCESS
training_0429,cust_0347,merchant_002,794.61,PAYMENT_METHOD_ERROR,NETBANKING,2623,0.8883,0.2399,0.3665,0.5857,1,1,0,RETRY,FAILURE
training_0430,cust_0161,merchant_026,421.75,PAYMENT_METHOD_ERROR,CARD,936,0.8792,0.3319,0.6204,0.4115,2,2,0,RETRY,FAILURE
training_0431,cust_0242,merchant_019,687.16,TEMPORARY_FAILURE,WALLET,470,0.1233,0.5951,0.3748,0.1845,3,1,1,REMINDER,FAILURE
training_0432,cust_0055,merchant_048,864.49,PAYMENT_METHOD_ERROR,CARD,1135,0.6905,0.7042,0.9167,0.2483,2,2,0,RETRY,FAILURE
training_0433,cust_0306,merchant_046,435.66,TEMPORARY_FAILURE,CARD,1928,0.1255,0.6637,0.4735,0.1813,3,1,2,RETRY,FAILURE
training_0434,cust_0094,merchant_031,623.61,INSUFFICIENT_FUNDS,CARD,556,0.8500,0.2879,0.2284,0.3462,5,0,5,REMINDER,FAILURE
training_0435,cust_0311,merchant_020,699.31,PAYMENT_METHOD_ERROR,UPI,1295,0.4461,0.2368,0.6235,0.4361,2,2,0,REMINDER,FAILURE
training_0436,cust_0300,merchant_004,906.33,PAYMENT_METHOD_ERROR,CARD,2085,0.2290,0.0544,0.9163,0.4107,0,0,0,REMINDER,FAILURE
training_0437,cust_0342,merchant_011,409.97,INSUFFICIENT_FUNDS,NETBANKING,1611,0.4027,0.4211,0.2723,0.5132,1,0,1,RETRY,FAILURE
training_0438,cust_0271,merchant_014,253.99,INSUFFICIENT_FUNDS,WALLET,2235,0.8457,0.8587,0.2745,0.8209,4,4,0,RETRY,FAILURE
training_0439,cust_0031,merchant_001,559.39,TEMPORARY_FAILURE,UPI,1977,0.5158,0.2573,0.7184,0.7989,2,1,0,REMINDER,FAILURE
training_0440,cust_0134,merchant_030,83.51,UNKNOWN_FAILURE,NETBANKING,296,0.3504,0.5316,0.1629,0.1172,3,2,0,REMINDER,FAILURE
training_0441,cust_0307,merchant_012,644.10,UNKNOWN_FAILURE,WALLET,563,0.7190,0.8897,0.4425,0.2939,2,2,0,REMINDER,FAILURE
training_0442,cust_0061,merchant_024,48.07,INSUFFICIENT_FUNDS,UPI,846,0.4128,0.8255,0.8543,0.3793,4,2,0,RETRY,FAILURE
training_0443,cust_0338,merchant_027,139.36,UNKNOWN_FAILURE,NETBANKING,2761,0.2325,0.7539,0.5026,0.0862,4,2,0,REMINDER,FAILURE
training_0444,cust_0331,merchant_025,295.33,PAYMENT_METHOD_ERROR,CARD,71,0.7554,0.6495,0.3294,0.2401,2,0,1,REMINDER,SUCCESS
training_0445,cust_0330,merchant_031,307.13,PAYMENT_METHOD_ERROR,WALLET,2146,0.3105,0.1455,0.1089,0.3790,3,2,0,RETRY,FAILURE
training_0446,cust_0318,merchant_021,397.54,INSUFFICIENT_FUNDS,WALLET,2543,0.1629,0.7795,0.3726,0.6410,3,0,3,REMINDER,FAILURE
training_0447,cust_0025,merchant_007,623.91,TEMPORARY_FAILURE,NETBANKING,2755,0.7149,0.1420,0.1553,0.2792,1,1,0,RETRY,FAILURE
training_0448,cust_0309,merchant_028,688.55,PAYMENT_METHOD_ERROR,WALLET,574,0.1955,0.2858,0.4436,0.2562,5,4,0,REMINDER,FAILURE
training_0449,cust_0123,merchant_039,774.16,INSUFFICIENT_FUNDS,UPI,811,0.2507,0.3902,0.4818,0.1735,2,1,1,REMINDER,FAILURE
training_0450,cust_0093,merchant_044,214.44,TEMPORARY_FAILURE,CARD,17,0.4728,0.3713,0.7960,0.5573,3,2,0,RETRY,SUCCESS
training_0451,cust_0164,merchant_049,921.34,PAYMENT_METHOD_ERROR,NETBANKING,2428,0.1715,0.6559,0.3181,0.6254,3,3,0,RETRY,FAILURE
training_0452,cust_0173,merchant_033,538.45,PAYMENT_METHOD_ERROR,NETBANKING,2037,0.5034,0.1821,0.4843,0.5432,5,0,0,RETRY,FAILURE
training_0453,cust_0340,merchant_024,274.09,PAYMENT_METHOD_ERROR,CARD,365,0.2572,0.4637,0.1060,0.8874,2,2,0,RETRY,FAILURE
training_0454,cust_0181,merchant_046,136.60,PAYMENT_METHOD_ERROR,NETBANKING,1864,0.4825,0.1884,0.4600,0.3363,5,2,0,RETRY,FAILURE
training_0455,cust_0304,merchant_029,904.75,UNKNOWN_FAILURE,UPI,98,0.7699,0.5752,0.7615,0.6283,5,5,0,REMINDER,FAILURE
training_0456,cust_0067,merchant_016,66.49,INSUFFICIENT_FUNDS,WALLET,2848,0.7263,0.1042,0.5728,0.5664,2,2,0,RETRY,FAILURE
training_0457,cust_0061,merchant_009,707.86,UNKNOWN_FAILURE,UPI,2306,0.3860,0.1582,0.4272,0.4222,4,1,3,RETRY,FAILURE
training_0458,cust_0348,merchant_047,714.44,TEMPORARY_FAILURE,WALLET,1684,0.2160,0.6693,0.5930,0.2453,4,1,3,RETRY,FAILURE
training_0459,cust_0192,merchant_019,118.47,INSUFFICIENT_FUNDS,UPI,1436,0.1364,0.8679,0.4738,0.4428,1,1,0,RETRY,SUCCESS
training_0460,cust_0112,merchant_015,886.84,INSUFFICIENT_FUNDS,UPI,1081,0.6908,0.6906,0.5047,0.8055,1,1,0,RETRY,SUCCESS
training_0461,cust_0262,merchant_008,59.13,PAYMENT_METHOD_ERROR,CARD,2828,0.6277,0.8285,0.7339,0.4750,2,1,1,REMINDER,FAILURE
training_0462,cust_0125,merchant_031,366.62,UNKNOWN_FAILURE,CARD,2842,0.1902,0.7961,0.2820,0.3772,5,2,0,REMINDER,FAILURE
training_0463,cust_0128,merchant_019,642.66,INSUFFICIENT_FUNDS,NETBANKING,920,0.4517,0.2478,0.7424,0.7707,0,0,0,REMINDER,FAILURE
training_0464,cust_0045,merchant_033,856.14,PAYMENT_METHOD_ERROR,UPI,915,0.7480,0.1442,0.7940,0.2837,5,1,0,RETRY,FAILURE
training_0465,cust_0144,merchant_016,745.24,PAYMENT_METHOD_ERROR,UPI,640,0.6542,0.5367,0.4462,0.2520,5,1,1,REMINDER,FAILURE
training_0466,cust_0013,merchant_032,66.99,PAYMENT_METHOD_ERROR,CARD,850,0.2263,0.1510,0.1457,0.3562,3,3,0,RETRY,FAILURE
training_0467,cust_0227,merchant_020,873.85,INSUFFICIENT_FUNDS,UPI,525,0.1947,0.5498,0.8288,0.3433,2,2,0,RETRY,FAILURE
training_0468,cust_0268,merchant_011,630.41,UNKNOWN_FAILURE,NETBANKING,49,0.8694,0.8136,0.4999,0.8188,0,0,0,RETRY,SUCCESS
training_0469,cust_0294,merchant_041,39.99,INSUFFICIENT_FUNDS,WALLET,2078,0.5316,0.1467,0.2496,0.8772,1,1,0,RETRY,FAILURE
training_0470,cust_0055,merchant_031,97.56,TEMPORARY_FAILURE,WALLET,1546,0.3437,0.1497,0.3758,0.6721,4,1,1,RETRY,SUCCESS
training_0471,cust_0018,merchant_002,869.69,UNKNOWN_FAILURE,UPI,212,0.3540,0.7610,0.1166,0.6900,3,2,1,REMINDER,FAILURE
training_0472,cust_0258,merchant_015,109.55,PAYMENT_METHOD_ERROR,CARD,2797,0.1639,0.4546,0.5541,0.3618,4,0,0,REMINDER,FAILURE
training_0473,cust_0087,merchant_045,123.98,UNKNOWN_FAILURE,UPI,2548,0.2581,0.1770,0.8592,0.6965,3,3,0,REMINDER,FAILURE
training_0474,cust_0092,merchant_036,716.26,PAYMENT_METHOD_ERROR,CARD,2780,0.1189,0.2298,0.7903,0.4771,3,0,3,RETRY,FAILURE
training_0475,cust_0320,merchant_008,789.74,INSUFFICIENT_FUNDS,UPI,1273,0.1673,0.8890,0.8083,0.1288,2,2,0,REMINDER,FAILURE
training_0476,cust_0186,merchant_038,673.24,INSUFFICIENT_FUNDS,NETBANKING,1932,0.8022,0.5781,0.6233,0.1957,3,2,1,RETRY,FAILURE
training_0477,cust_0338,merchant_003,505.12,PAYMENT_METHOD_ERROR,UPI,782,0.5103,0.3420,0.2390,0.3698,2,2,0,REMINDER,FAILURE
training_0478,cust_0159,merchant_030,625.73,UNKNOWN_FAILURE,CARD,1160,0.5217,0.1251,0.9308,0.8957,2,0,2,REMINDER,FAILURE
training_0479,cust_0012,merchant_038,239.49,INSUFFICIENT_FUNDS,WALLET,41,0.4012,0.1836,0.4356,0.0683,3,3,0,RETRY,FAILURE
training_0480,cust_0001,merchant_027,981.78,PAYMENT_METHOD_ERROR,UPI,2553,0.9103,0.1576,0.1700,0.6322,2,1,0,RETRY,FAILURE
training_0481,cust_0249,merchant_035,599.45,TEMPORARY_FAILURE,CARD,1972,0.4427,0.1084,0.2676,0.0962,3,3,0,RETRY,FAILURE
training_0482,cust_0089,merchant_011,79.59,TEMPORARY_FAILURE,CARD,1949,0.4625,0.4878,0.5612,0.0748,3,0,3,REMINDER,FAILURE
training_0483,cust_0163,merchant_019,624.84,INSUFFICIENT_FUNDS,CARD,2002,0.4470,0.3228,0.6051,0.6978,4,4,0,RETRY,SUCCESS
training_0484,cust_0094,merchant_025,62.22,PAYMENT_METHOD_ERROR,WALLET,2301,0.4861,0.4621,0.1051,0.1239,3,0,1,RETRY,FAILURE
training_0485,cust_0290,merchant_035,426.96,PAYMENT_METHOD_ERROR,CARD,38,0.8829,0.8293,0.7829,0.3858,0,0,0,REMINDER,FAILURE
training_0486,cust_0341,merchant_023,537.15,TEMPORARY_FAILURE,WALLET,253,0.2945,0.8868,0.5985,0.6607,4,4,0,RETRY,SUCCESS
training_0487,cust_0068,merchant_015,846.37,INSUFFICIENT_FUNDS,CARD,1308,0.8325,0.6117,0.9244,0.1308,3,2,0,RETRY,FAILURE
training_0488,cust_0080,merchant_026,555.49,INSUFFICIENT_FUNDS,UPI,201,0.4061,0.4946,0.7037,0.8066,4,2,0,REMINDER,FAILURE
training_0489,cust_0221,merchant_047,859.18,INSUFFICIENT_FUNDS,WALLET,2485,0.3395,0.4392,0.4087,0.2881,0,0,0,RETRY,FAILURE
training_0490,cust_0163,merchant_012,108.65,PAYMENT_METHOD_ERROR,CARD,2574,0.3812,0.2573,0.6933,0.7651,1,0,1,RETRY,FAILURE
training_0491,cust_0163,merchant_046,832.26,PAYMENT_METHOD_ERROR,UPI,1266,0.1182,0.7377,0.5483,0.0832,0,0,0,RETRY,FAILURE
training_0492,cust_0015,merchant_015,22.38,PAYMENT_METHOD_ERROR,UPI,571,0.4604,0.7056,0.7966,0.4641,5,4,1,RETRY,FAILURE
training_0493,cust_0058,merchant_050,86.98,TEMPORARY_FAILURE,UPI,2267,0.3366,0.7524,0.3503,0.2651,1,1,0,RETRY,FAILURE
training_0494,cust_0039,merchant_010,909.99,PAYMENT_METHOD_ERROR,CARD,1180,0.7711,0.1776,0.4597,0.5670,1,0,0,REMINDER,FAILURE
training_0495,cust_0282,merchant_007,45.42,UNKNOWN_FAILURE,UPI,2025,0.2852,0.3726,0.5618,0.8495,2,2,0,RETRY,FAILURE
training_0496,cust_0105,merchant_024,659.36,PAYMENT_METHOD_ERROR,NETBANKING,1976,0.8342,0.5810,0.2124,0.8465,0,0,0,REMINDER,FAILURE
training_0497,cust_0175,merchant_042,744.44,UNKNOWN_FAILURE,WALLET,1104,0.1399,0.4206,0.6622,0.8528,2,2,0,RETRY,FAILURE
training_0498,cust_0255,merchant_024,287.83,INSUFFICIENT_FUNDS,UPI,279,0.7440,0.6906,0.5568,0.1078,4,3,0,REMINDER,FAILURE
training_0499,cust_0249,merchant_030,536.41,TEMPORARY_FAILURE,NETBANKING,344,0.5347,0.6557,0.5576,0.3977,2,0,1,REMINDER,FAILURE
training_0500,cust_0112,merchant_017,256.27,INSUFFICIENT_FUNDS,NETBANKING,2159,0.6046,0.4218,0.4143,0.1249,1,0,1,RETRY,FAILURE
training_0501,cust_0225,merchant_016,931.77,UNKNOWN_FAILURE,NETBANKING,1669,0.9253,0.1035,0.8144,0.2386,5,3,0,RETRY,FAILURE
training_0502,cust_0049,merchant_046,663.00,PAYMENT_METHOD_ERROR,NETBANKING,975,0.9033,0.5713,0.8552,0.2124,5,1,4,RETRY,FAILURE
training_0503,cust_0030,merchant_014,628.75,PAYMENT_METHOD_ERROR,UPI,2219,0.4604,0.3047,0.8994,0.2476,3,3,0,REMINDER,FAILURE
training_0504,cust_0303,merchant_022,341.21,UNKNOWN_FAILURE,CARD,2422,0.7540,0.6657,0.6745,0.5278,5,1,0,RETRY,FAILURE
training_0505,cust_0154,merchant_023,848.29,UNKNOWN_FAILURE,CARD,2472,0.8489,0.1576,0.3694,0.5449,1,0,0,REMINDER,FAILURE
training_0506,cust_0346,merchant_023,247.43,PAYMENT_METHOD_ERROR,CARD,104,0.1869,0.7994,0.4297,0.5772,3,1,0,REMINDER,FAILURE
training_0507,cust_0202,merchant_009,769.55,UNKNOWN_FAILURE,CARD,385,0.3692,0.7812,0.8037,0.8386,0,0,0,REMINDER,FAILURE
training_0508,cust_0134,merchant_032,525.70,UNKNOWN_FAILURE,NETBANKING,2014,0.7528,0.8436,0.3694,0.5017,3,1,2,RETRY,FAILURE
training_0509,cust_0347,merchant_020,176.07,PAYMENT_METHOD_ERROR,NETBANKING,2449,0.4586,0.6557,0.6256,0.5527,3,1,0,REMINDER,FAILURE
training_0510,cust_0239,merchant_028,295.32,TEMPORARY_FAILURE,NETBANKING,1644,0.8758,0.8610,0.3406,0.5145,0,0,0,RETRY,SUCCESS
training_0511,cust_0200,merchant_013,496.98,INSUFFICIENT_FUNDS,NETBANKING,2121,0.7295,0.5344,0.8187,0.4632,2,1,1,RETRY,SUCCESS
training_0512,cust_0164,merchant_043,243.56,INSUFFICIENT_FUNDS,NETBANKING,2365,0.8543,0.1578,0.8067,0.1788,1,0,1,REMINDER,FAILURE
training_0513,cust_0310,merchant_023,594.36,UNKNOWN_FAILURE,NETBANKING,1257,0.8926,0.3441,0.6001,0.1536,5,3,1,RETRY,FAILURE
training_0514,cust_0222,merchant_006,642.84,TEMPORARY_FAILURE,UPI,2030,0.6796,0.4395,0.5981,0.5488,1,1,0,REMINDER,FAILURE
training_0515,cust_0280,merchant_008,323.16,UNKNOWN_FAILURE,NETBANKING,1755,0.4873,0.7369,0.3806,0.2231,1,0,0,REMINDER,FAILURE
training_0516,cust_0326,merchant_010,742.23,INSUFFICIENT_FUNDS,WALLET,2812,0.5032,0.4283,0.7779,0.3300,2,0,2,REMINDER,SUCCESS
training_0517,cust_0252,merchant_028,556.42,UNKNOWN_FAILURE,WALLET,463,0.3815,0.4549,0.6233,0.8263,5,0,2,RETRY,FAILURE
training_0518,cust_0003,merchant_014,460.33,UNKNOWN_FAILURE,WALLET,297,0.1596,0.1090,0.9113,0.0546,4,3,1,REMINDER,FAILURE
training_0519,cust_0177,merchant_029,657.98,INSUFFICIENT_FUNDS,WALLET,528,0.3049,0.0516,0.5340,0.0500,5,3,2,REMINDER,FAILURE
training_0520,cust_0085,merchant_040,929.62,INSUFFICIENT_FUNDS,NETBANKING,2216,0.8621,0.8981,0.9496,0.7435,3,2,0,RETRY,SUCCESS
training_0521,cust_0342,merchant_037,564.72,PAYMENT_METHOD_ERROR,CARD,2099,0.8694,0.2257,0.9376,0.7828,3,1,2,REMINDER,FAILURE
training_0522,cust_0077,merchant_013,236.78,INSUFFICIENT_FUNDS,CARD,210,0.4601,0.8789,0.5006,0.6640,2,0,1,REMINDER,FAILURE
training_0523,cust_0327,merchant_015,275.41,INSUFFICIENT_FUNDS,CARD,766,0.6648,0.2476,0.7104,0.0591,0,0,0,RETRY,FAILURE
training_0524,cust_0314,merchant_004,581.14,PAYMENT_METHOD_ERROR,UPI,1496,0.3494,0.1708,0.4642,0.5780,5,0,1,RETRY,FAILURE
training_0525,cust_0153,merchant_023,752.67,UNKNOWN_FAILURE,NETBANKING,1734,0.2047,0.2697,0.4116,0.5525,5,4,0,RETRY,FAILURE
training_0526,cust_0121,merchant_025,463.80,INSUFFICIENT_FUNDS,UPI,1583,0.2503,0.0853,0.6851,0.7569,4,3,0,RETRY,FAILURE
training_0527,cust_0160,merchant_019,79.04,PAYMENT_METHOD_ERROR,CARD,2059,0.7333,0.4953,0.3853,0.1062,4,0,1,RETRY,FAILURE
training_0528,cust_0290,merchant_027,250.84,UNKNOWN_FAILURE,WALLET,1817,0.4318,0.5551,0.8182,0.3087,0,0,0,RETRY,FAILURE
training_0529,cust_0342,merchant_017,828.14,TEMPORARY_FAILURE,UPI,776,0.6176,0.0917,0.8755,0.6494,0,0,0,RETRY,SUCCESS
training_0530,cust_0231,merchant_050,227.34,INSUFFICIENT_FUNDS,UPI,322,0.3521,0.3729,0.3135,0.3314,3,2,1,RETRY,FAILURE
training_0531,cust_0166,merchant_019,98.19,PAYMENT_METHOD_ERROR,CARD,2781,0.5253,0.5197,0.3926,0.0944,5,4,1,RETRY,FAILURE
training_0532,cust_0318,merchant_031,33.81,INSUFFICIENT_FUNDS,NETBANKING,2502,0.4533,0.8469,0.1693,0.8764,1,1,0,RETRY,FAILURE
training_0533,cust_0335,merchant_039,640.48,INSUFFICIENT_FUNDS,WALLET,2147,0.5552,0.3674,0.4325,0.8989,2,0,1,REMINDER,FAILURE
training_0534,cust_0199,merchant_002,874.44,UNKNOWN_FAILURE,WALLET,678,0.6933,0.4412,0.5503,0.2891,4,3,0,RETRY,FAILURE
training_0535,cust_0017,merchant_045,429.17,UNKNOWN_FAILURE,UPI,809,0.8252,0.5655,0.1011,0.6768,4,1,0,REMINDER,FAILURE
training_0536,cust_0143,merchant_039,52.51,PAYMENT_METHOD_ERROR,UPI,2739,0.2311,0.3544,0.2571,0.5838,0,0,0,RETRY,FAILURE
training_0537,cust_0126,merchant_041,699.02,TEMPORARY_FAILURE,UPI,1175,0.7696,0.2994,0.8458,0.4571,5,2,2,REMINDER,FAILURE
training_0538,cust_0218,merchant_014,870.50,PAYMENT_METHOD_ERROR,WALLET,1465,0.4505,0.6931,0.3434,0.6868,0,0,0,REMINDER,FAILURE
training_0539,cust_0076,merchant_004,460.78,UNKNOWN_FAILURE,UPI,291,0.5406,0.1705,0.2700,0.6626,1,0,1,REMINDER,FAILURE
training_0540,cust_0203,merchant_022,932.65,INSUFFICIENT_FUNDS,UPI,393,0.2995,0.3423,0.3272,0.6655,2,2,0,RETRY,FAILURE
training_0541,cust_0054,merchant_048,503.02,TEMPORARY_FAILURE,NETBANKING,1427,0.1667,0.3569,0.4186,0.7047,1,0,1,RETRY,FAILURE
training_0542,cust_0072,merchant_049,736.14,INSUFFICIENT_FUNDS,UPI,810,0.4331,0.4415,0.1321,0.6005,1,0,1,RETRY,FAILURE
training_0543,cust_0153,merchant_030,158.79,INSUFFICIENT_FUNDS,CARD,751,0.3440,0.7048,0.4322,0.2618,4,0,4,RETRY,FAILURE
training_0544,cust_0230,merchant_028,118.02,INSUFFICIENT_FUNDS,UPI,1326,0.8899,0.8657,0.6086,0.2122,0,0,0,RETRY,SUCCESS
training_0545,cust_0009,merchant_022,296.18,UNKNOWN_FAILURE,NETBANKING,579,0.7560,0.1173,0.5536,0.2580,4,2,1,REMINDER,FAILURE
training_0546,cust_0200,merchant_030,109.93,UNKNOWN_FAILURE,UPI,1225,0.3142,0.1202,0.5401,0.1387,2,2,0,REMINDER,FAILURE
training_0547,cust_0062,merchant_047,674.89,PAYMENT_METHOD_ERROR,CARD,2253,0.5433,0.4655,0.1994,0.5678,2,1,1,REMINDER,FAILURE
training_0548,cust_0181,merchant_045,904.86,INSUFFICIENT_FUNDS,WALLET,1534,0.4206,0.1688,0.9314,0.2384,5,4,0,REMINDER,FAILURE
training_0549,cust_0056,merchant_003,404.66,UNKNOWN_FAILURE,WALLET,2475,0.3019,0.4501,0.6738,0.4367,0,0,0,RETRY,FAILURE
training_0550,cust_0276,merchant_047,65.01,PAYMENT_METHOD_ERROR,WALLET,506,0.1356,0.7996,0.1057,0.2134,5,4,1,RETRY,FAILURE
training_0551,cust_0334,merchant_016,628.90,UNKNOWN_FAILURE,CARD,1551,0.6110,0.5049,0.2423,0.8680,2,2,0,RETRY,FAILURE
training_0552,cust_0243,merchant_050,278.26,PAYMENT_METHOD_ERROR,NETBANKING,1406,0.7541,0.3495,0.4245,0.6292,2,2,0,REMINDER,FAILURE
training_0553,cust_0279,merchant_018,867.92,TEMPORARY_FAILURE,NETBANKING,123,0.2963,0.7018,0.1289,0.4592,4,0,2,RETRY,FAILURE
training_0554,cust_0119,merchant_029,817.86,INSUFFICIENT_FUNDS,NETBANKING,2161,0.2361,0.8536,0.6474,0.7500,0,0,0,RETRY,FAILURE
training_0555,cust_0070,merchant_002,366.94,PAYMENT_METHOD_ERROR,UPI,2434,0.6927,0.0614,0.6384,0.5941,0,0,0,REMINDER,FAILURE
training_0556,cust_0012,merchant_045,245.58,INSUFFICIENT_FUNDS,CARD,1246,0.9275,0.0552,0.2475,0.8243,4,0,4,RETRY,FAILURE
training_0557,cust_0022,merchant_050,380.13,TEMPORARY_FAILURE,UPI,685,0.7263,0.2156,0.8206,0.3710,2,0,0,REMINDER,FAILURE
training_0558,cust_0291,merchant_045,446.60,TEMPORARY_FAILURE,UPI,649,0.7519,0.7720,0.5992,0.4923,5,5,0,REMINDER,FAILURE
training_0559,cust_0270,merchant_014,658.64,INSUFFICIENT_FUNDS,UPI,2233,0.2684,0.1550,0.1756,0.4577,5,0,1,RETRY,SUCCESS
training_0560,cust_0045,merchant_021,714.71,TEMPORARY_FAILURE,UPI,2391,0.5653,0.7690,0.8842,0.7593,1,0,0,REMINDER,FAILURE
training_0561,cust_0023,merchant_044,305.85,TEMPORARY_FAILURE,UPI,1396,0.5057,0.2171,0.8842,0.7864,4,2,1,RETRY,SUCCESS
training_0562,cust_0042,merchant_008,828.52,UNKNOWN_FAILURE,NETBANKING,1171,0.7178,0.1863,0.8125,0.2932,1,0,0,RETRY,SUCCESS
training_0563,cust_0288,merchant_005,621.46,PAYMENT_METHOD_ERROR,WALLET,2211,0.1754,0.3569,0.2493,0.1166,2,2,0,RETRY,FAILURE
training_0564,cust_0340,merchant_032,902.24,INSUFFICIENT_FUNDS,UPI,2870,0.3767,0.5355,0.7734,0.5082,2,1,0,REMINDER,FAILURE
training_0565,cust_0035,merchant_038,661.98,PAYMENT_METHOD_ERROR,CARD,247,0.2325,0.5108,0.8264,0.8337,0,0,0,REMINDER,FAILURE
training_0566,cust_0159,merchant_010,62.05,INSUFFICIENT_FUNDS,NETBANKING,1593,0.8170,0.5208,0.3450,0.3478,4,1,1,REMINDER,FAILURE
training_0567,cust_0168,merchant_041,669.49,TEMPORARY_FAILURE,NETBANKING,2086,0.7602,0.4832,0.5215,0.6942,0,0,0,RETRY,SUCCESS
training_0568,cust_0171,merchant_030,311.00,UNKNOWN_FAILURE,CARD,1108,0.7510,0.1235,0.7660,0.8698,2,2,0,RETRY,SUCCESS
training_0569,cust_0011,merchant_046,894.67,UNKNOWN_FAILURE,UPI,2400,0.7107,0.3528,0.3992,0.4266,1,0,0,RETRY,FAILURE
training_0570,cust_0271,merchant_011,340.80,INSUFFICIENT_FUNDS,NETBANKING,539,0.2818,0.1446,0.7226,0.2963,2,2,0,REMINDER,FAILURE
training_0571,cust_0246,merchant_003,422.13,TEMPORARY_FAILURE,WALLET,464,0.5563,0.5639,0.6324,0.4814,2,1,1,RETRY,SUCCESS
training_0572,cust_0337,merchant_030,593.59,UNKNOWN_FAILURE,WALLET,1094,0.4789,0.7915,0.7121,0.3852,1,1,0,REMINDER,FAILURE
training_0573,cust_0343,merchant_026,182.98,UNKNOWN_FAILURE,CARD,1614,0.6383,0.0689,0.7659,0.8791,5,0,1,RETRY,FAILURE
training_0574,cust_0061,merchant_015,704.81,INSUFFICIENT_FUNDS,CARD,2576,0.1823,0.4492,0.8228,0.1100,4,1,0,RETRY,FAILURE
training_0575,cust_0166,merchant_001,19.73,TEMPORARY_FAILURE,WALLET,2797,0.3843,0.7036,0.8154,0.7707,4,4,0,RETRY,FAILURE
training_0576,cust_0347,merchant_025,521.46,UNKNOWN_FAILURE,CARD,1666,0.6385,0.5153,0.6896,0.0854,2,1,0,RETRY,SUCCESS
training_0577,cust_0145,merchant_039,710.94,TEMPORARY_FAILURE,NETBANKING,1951,0.1812,0.7743,0.4277,0.1602,4,2,0,RETRY,FAILURE
training_0578,cust_0177,merchant_037,355.32,INSUFFICIENT_FUNDS,UPI,2168,0.2137,0.1692,0.6075,0.0523,4,3,1,REMINDER,FAILURE
training_0579,cust_0219,merchant_020,223.28,TEMPORARY_FAILURE,CARD,601,0.5736,0.8042,0.8713,0.0991,1,1,0,REMINDER,SUCCESS
training_0580,cust_0320,merchant_026,841.85,TEMPORARY_FAILURE,NETBANKING,2218,0.8408,0.5266,0.1038,0.7822,4,0,1,RETRY,FAILURE
training_0581,cust_0043,merchant_045,206.41,UNKNOWN_FAILURE,WALLET,2141,0.1559,0.2555,0.4624,0.4096,3,2,1,REMINDER,SUCCESS
training_0582,cust_0155,merchant_050,700.61,PAYMENT_METHOD_ERROR,UPI,59,0.2304,0.5743,0.1468,0.6663,1,1,0,RETRY,SUCCESS
training_0583,cust_0218,merchant_035,750.12,UNKNOWN_FAILURE,NETBANKING,2060,0.4244,0.4107,0.5132,0.4924,4,1,2,RETRY,FAILURE
training_0584,cust_0313,merchant_034,869.87,PAYMENT_METHOD_ERROR,UPI,2455,0.7403,0.5483,0.8667,0.6829,0,0,0,REMINDER,FAILURE
training_0585,cust_0301,merchant_048,669.48,TEMPORARY_FAILURE,CARD,2175,0.9079,0.2814,0.3467,0.4787,2,1,0,REMINDER,SUCCESS
training_0586,cust_0056,merchant_027,666.67,INSUFFICIENT_FUNDS,UPI,2090,0.2520,0.4474,0.2120,0.1124,4,3,1,REMINDER,FAILURE
training_0587,cust_0144,merchant_014,409.27,UNKNOWN_FAILURE,NETBANKING,2129,0.7480,0.5651,0.5128,0.2174,2,0,0,REMINDER,FAILURE
training_0588,cust_0140,merchant_037,339.74,TEMPORARY_FAILURE,NETBANKING,2469,0.8577,0.0795,0.2373,0.2933,5,3,0,REMINDER,FAILURE
training_0589,cust_0285,merchant_028,285.81,TEMPORARY_FAILURE,CARD,1502,0.3927,0.6328,0.3167,0.2729,0,0,0,REMINDER,FAILURE
training_0590,cust_0312,merchant_016,598.74,INSUFFICIENT_FUNDS,WALLET,611,0.7284,0.4500,0.4091,0.8196,2,2,0,REMINDER,SUCCESS
training_0591,cust_0278,merchant_028,205.56,INSUFFICIENT_FUNDS,CARD,2222,0.6119,0.8265,0.1357,0.5710,5,2,0,RETRY,FAILURE
training_0592,cust_0146,merchant_015,958.47,TEMPORARY_FAILURE,WALLET,221,0.2615,0.4015,0.7034,0.4186,5,3,1,RETRY,SUCCESS
training_0593,cust_0280,merchant_035,623.81,INSUFFICIENT_FUNDS,UPI,341,0.8165,0.4336,0.2660,0.2077,5,2,3,REMINDER,FAILURE
training_0594,cust_0207,merchant_011,177.88,PAYMENT_METHOD_ERROR,NETBANKING,1052,0.5452,0.4166,0.8547,0.8622,4,1,2,REMINDER,FAILURE
training_0595,cust_0328,merchant_001,64.03,PAYMENT_METHOD_ERROR,WALLET,1269,0.1642,0.2068,0.8864,0.6755,1,1,0,REMINDER,FAILURE
training_0596,cust_0335,merchant_010,982.49,INSUFFICIENT_FUNDS,NETBANKING,2613,0.4058,0.5750,0.2770,0.3297,0,0,0,REMINDER,FAILURE
training_0597,cust_0273,merchant_029,701.57,PAYMENT_METHOD_ERROR,UPI,2433,0.1016,0.6981,0.8672,0.1242,0,0,0,REMINDER,FAILURE
training_0598,cust_0203,merchant_040,182.90,UNKNOWN_FAILURE,NETBANKING,2339,0.5082,0.4649,0.9248,0.3609,3,3,0,REMINDER,FAILURE
training_0599,cust_0032,merchant_030,504.58,PAYMENT_METHOD_ERROR,CARD,2371,0.3208,0.5724,0.7943,0.5724,0,0,0,REMINDER,SUCCESS
training_0600,cust_0045,merchant_004,398.31,INSUFFICIENT_FUNDS,CARD,1591,0.3126,0.2301,0.2892,0.6170,0,0,0,RETRY,SUCCESS
training_0601,cust_0253,merchant_023,835.83,UNKNOWN_FAILURE,CARD,486,0.1010,0.2252,0.8645,0.5098,5,5,0,REMINDER,FAILURE
training_0602,cust_0255,merchant_023,608.63,TEMPORARY_FAILURE,CARD,1005,0.6377,0.6449,0.4053,0.4935,0,0,0,REMINDER,SUCCESS
training_0603,cust_0002,merchant_001,506.71,PAYMENT_METHOD_ERROR,UPI,1853,0.5822,0.3434,0.6517,0.4238,4,3,1,RETRY,FAILURE
training_0604,cust_0119,merchant_005,975.25,UNKNOWN_FAILURE,NETBANKING,1929,0.5897,0.7699,0.8969,0.6809,0,0,0,REMINDER,FAILURE
training_0605,cust_0117,merchant_042,283.57,TEMPORARY_FAILURE,WALLET,2408,0.2075,0.1960,0.6620,0.6458,5,4,1,RETRY,FAILURE
training_0606,cust_0104,merchant_011,941.91,INSUFFICIENT_FUNDS,CARD,2080,0.8786,0.5466,0.4211,0.2751,5,4,1,REMINDER,FAILURE
training_0607,cust_0192,merchant_005,365.70,INSUFFICIENT_FUNDS,WALLET,1314,0.1367,0.6728,0.9414,0.1772,1,1,0,REMINDER,FAILURE
training_0608,cust_0172,merchant_044,685.70,TEMPORARY_FAILURE,CARD,1622,0.8932,0.1867,0.4540,0.6495,1,1,0,REMINDER,FAILURE
training_0609,cust_0237,merchant_029,894.23,UNKNOWN_FAILURE,CARD,1117,0.3341,0.1451,0.4330,0.3204,3,0,1,REMINDER,FAILURE
training_0610,cust_0104,merchant_050,400.79,UNKNOWN_FAILURE,CARD,956,0.1182,0.6737,0.3835,0.1355,3,1,2,REMINDER,FAILURE
training_0611,cust_0330,merchant_012,793.29,UNKNOWN_FAILURE,WALLET,404,0.2788,0.2366,0.7746,0.3421,0,0,0,RETRY,FAILURE
training_0612,cust_0309,merchant_011,443.78,INSUFFICIENT_FUNDS,UPI,2560,0.7331,0.3880,0.6729,0.2058,0,0,0,RETRY,FAILURE
training_0613,cust_0315,merchant_022,328.55,INSUFFICIENT_FUNDS,CARD,844,0.8595,0.6467,0.9212,0.3889,2,2,0,RETRY,FAILURE
training_0614,cust_0259,merchant_032,163.42,UNKNOWN_FAILURE,NETBANKING,2397,0.1314,0.4884,0.3877,0.2605,3,3,0,REMINDER,FAILURE
training_0615,cust_0026,merchant_002,24.24,PAYMENT_METHOD_ERROR,CARD,2000,0.6604,0.5993,0.3600,0.6816,0,0,0,RETRY,FAILURE
training_0616,cust_0088,merchant_005,370.32,INSUFFICIENT_FUNDS,UPI,424,0.5005,0.7625,0.9062,0.3826,1,1,0,RETRY,FAILURE
training_0617,cust_0107,merchant_046,706.10,PAYMENT_METHOD_ERROR,NETBANKING,27,0.5368,0.5259,0.2364,0.1920,4,3,0,RETRY,FAILURE
training_0618,cust_0018,merchant_038,824.16,UNKNOWN_FAILURE,CARD,1151,0.2860,0.7604,0.4137,0.8048,0,0,0,RETRY,SUCCESS
training_0619,cust_0037,merchant_033,82.22,PAYMENT_METHOD_ERROR,WALLET,250,0.1884,0.8997,0.5439,0.2434,3,1,2,RETRY,FAILURE
training_0620,cust_0151,merchant_020,482.51,PAYMENT_METHOD_ERROR,CARD,1481,0.6277,0.4655,0.2025,0.7594,1,1,0,RETRY,FAILURE
training_0621,cust_0091,merchant_018,855.36,INSUFFICIENT_FUNDS,CARD,2542,0.4771,0.8895,0.9355,0.5929,0,0,0,RETRY,SUCCESS
training_0622,cust_0190,merchant_037,461.17,INSUFFICIENT_FUNDS,WALLET,693,0.1365,0.6732,0.8115,0.8961,4,4,0,REMINDER,FAILURE
training_0623,cust_0016,merchant_050,629.40,PAYMENT_METHOD_ERROR,WALLET,165,0.6995,0.8771,0.7181,0.5559,4,1,2,RETRY,FAILURE
training_0624,cust_0161,merchant_006,173.45,UNKNOWN_FAILURE,WALLET,1520,0.7792,0.7734,0.5098,0.6802,2,1,1,RETRY,FAILURE
training_0625,cust_0334,merchant_019,907.98,INSUFFICIENT_FUNDS,NETBANKING,142,0.8434,0.7995,0.3216,0.4277,1,1,0,REMINDER,SUCCESS
training_0626,cust_0325,merchant_001,405.79,TEMPORARY_FAILURE,CARD,1657,0.2754,0.3215,0.1754,0.3859,4,2,1,RETRY,FAILURE
training_0627,cust_0302,merchant_017,264.88,UNKNOWN_FAILURE,CARD,433,0.2237,0.8697,0.8357,0.7647,5,5,0,REMINDER,FAILURE
training_0628,cust_0263,merchant_008,151.90,TEMPORARY_FAILURE,NETBANKING,2793,0.5847,0.3259,0.6864,0.4446,5,3,2,RETRY,FAILURE
training_0629,cust_0218,merchant_025,930.47,UNKNOWN_FAILURE,NETBANKING,1925,0.5100,0.3423,0.8225,0.4481,0,0,0,RETRY,FAILURE
training_0630,cust_0146,merchant_033,313.15,UNKNOWN_FAILURE,CARD,931,0.3548,0.7039,0.9443,0.1136,0,0,0,RETRY,FAILURE
training_0631,cust_0286,merchant_014,846.41,INSUFFICIENT_FUNDS,WALLET,2791,0.8588,0.6847,0.2318,0.4637,1,1,0,RETRY,FAILURE
training_0632,cust_0100,merchant_042,294.58,UNKNOWN_FAILURE,UPI,2784,0.4669,0.4247,0.6265,0.4718,2,2,0,RETRY,FAILURE
training_0633,cust_0342,merchant_007,176.75,PAYMENT_METHOD_ERROR,CARD,2583,0.5664,0.3016,0.6728,0.0724,0,0,0,REMINDER,FAILURE
training_0634,cust_0268,merchant_038,530.82,UNKNOWN_FAILURE,NETBANKING,1901,0.8786,0.3699,0.6111,0.5564,0,0,0,RETRY,FAILURE
training_0635,cust_0072,merchant_040,612.80,PAYMENT_METHOD_ERROR,WALLET,2103,0.4206,0.5905,0.1385,0.6902,2,0,1,REMINDER,FAILURE
training_0636,cust_0099,merchant_030,14.61,PAYMENT_METHOD_ERROR,WALLET,2436,0.2621,0.3823,0.1606,0.6975,3,0,1,REMINDER,FAILURE
training_0637,cust_0253,merchant_026,627.12,INSUFFICIENT_FUNDS,NETBANKING,731,0.4452,0.5399,0.9486,0.6220,2,0,2,RETRY,FAILURE
training_0638,cust_0118,merchant_036,770.87,PAYMENT_METHOD_ERROR,WALLET,2749,0.2976,0.1994,0.2963,0.2330,5,3,2,REMINDER,FAILURE
training_0639,cust_0190,merchant_038,949.36,TEMPORARY_FAILURE,NETBANKING,684,0.9228,0.2065,0.2267,0.2971,0,0,0,REMINDER,FAILURE
training_0640,cust_0216,merchant_042,848.74,INSUFFICIENT_FUNDS,NETBANKING,1416,0.7610,0.2657,0.2819,0.3250,0,0,0,RETRY,FAILURE
training_0641,cust_0146,merchant_008,89.06,PAYMENT_METHOD_ERROR,NETBANKING,1177,0.8742,0.1396,0.8870,0.7724,0,0,0,REMINDER,FAILURE
training_0642,cust_0096,merchant_016,517.77,PAYMENT_METHOD_ERROR,CARD,1229,0.7963,0.1415,0.9244,0.4922,1,0,1,RETRY,FAILURE
training_0643,cust_0210,merchant_015,941.65,TEMPORARY_FAILURE,WALLET,1208,0.7420,0.2637,0.4685,0.4050,3,2,1,REMINDER,FAILURE
training_0644,cust_0331,merchant_028,361.82,UNKNOWN_FAILURE,CARD,344,0.4778,0.7856,0.3085,0.7638,0,0,0,RETRY,FAILURE
training_0645,cust_0045,merchant_014,411.90,PAYMENT_METHOD_ERROR,WALLET,608,0.3364,0.6562,0.8609,0.2622,3,3,0,RETRY,FAILURE
training_0646,cust_0059,merchant_033,939.07,INSUFFICIENT_FUNDS,CARD,1543,0.7556,0.0957,0.6051,0.6616,0,0,0,RETRY,SUCCESS
training_0647,cust_0174,merchant_048,563.08,TEMPORARY_FAILURE,CARD,1685,0.8873,0.7728,0.4775,0.2553,3,3,0,RETRY,FAILURE
training_0648,cust_0091,merchant_028,194.56,TEMPORARY_FAILURE,NETBANKING,2112,0.3214,0.7021,0.6332,0.7801,5,2,2,RETRY,FAILURE
training_0649,cust_0099,merchant_010,690.55,PAYMENT_METHOD_ERROR,CARD,2274,0.4807,0.2181,0.4283,0.6578,5,0,0,REMINDER,FAILURE
training_0650,cust_0285,merchant_008,372.09,PAYMENT_METHOD_ERROR,NETBANKING,201,0.8897,0.4287,0.9336,0.3654,1,0,0,REMINDER,FAILURE
training_0651,cust_0017,merchant_031,582.25,UNKNOWN_FAILURE,WALLET,1846,0.1626,0.0516,0.8943,0.2235,2,2,0,REMINDER,FAILURE
training_0652,cust_0072,merchant_035,950.22,INSUFFICIENT_FUNDS,CARD,1881,0.1191,0.7347,0.7059,0.6547,5,0,2,REMINDER,FAILURE
training_0653,cust_0251,merchant_046,817.37,TEMPORARY_FAILURE,UPI,413,0.4257,0.2159,0.7117,0.3187,2,0,2,RETRY,SUCCESS
training_0654,cust_0198,merchant_029,253.64,INSUFFICIENT_FUNDS,UPI,1506,0.7888,0.5264,0.8253,0.8584,4,2,0,RETRY,SUCCESS
training_0655,cust_0181,merchant_039,973.99,TEMPORARY_FAILURE,WALLET,498,0.4550,0.3141,0.7518,0.7890,2,0,0,RETRY,FAILURE
training_0656,cust_0073,merchant_013,891.19,UNKNOWN_FAILURE,UPI,1793,0.2939,0.7544,0.7415,0.8285,3,3,0,RETRY,FAILURE
training_0657,cust_0262,merchant_036,483.34,TEMPORARY_FAILURE,NETBANKING,1833,0.9396,0.4771,0.5276,0.2429,5,0,2,REMINDER,FAILURE
training_0658,cust_0243,merchant_034,611.83,PAYMENT_METHOD_ERROR,CARD,721,0.7607,0.2179,0.4289,0.0737,2,2,0,REMINDER,FAILURE
training_0659,cust_0199,merchant_024,722.93,UNKNOWN_FAILURE,WALLET,2105,0.3955,0.8833,0.2022,0.6758,1,0,0,RETRY,FAILURE
training_0660,cust_0256,merchant_040,133.62,UNKNOWN_FAILURE,CARD,173,0.6119,0.7982,0.9466,0.8468,0,0,0,REMINDER,FAILURE
training_0661,cust_0088,merchant_036,495.88,UNKNOWN_FAILURE,UPI,919,0.8724,0.5726,0.2801,0.3878,5,0,0,REMINDER,FAILURE
training_0662,cust_0004,merchant_030,213.07,TEMPORARY_FAILURE,UPI,2433,0.3659,0.4352,0.6553,0.7727,0,0,0,REMINDER,FAILURE
training_0663,cust_0085,merchant_007,471.75,UNKNOWN_FAILURE,WALLET,2002,0.6708,0.8589,0.7394,0.8965,4,4,0,RETRY,FAILURE
training_0664,cust_0255,merchant_020,862.45,TEMPORARY_FAILURE,WALLET,2844,0.3467,0.6133,0.3012,0.0545,2,1,1,REMINDER,FAILURE
training_0665,cust_0349,merchant_015,994.99,INSUFFICIENT_FUNDS,NETBANKING,1448,0.7954,0.5952,0.1380,0.3438,3,1,0,RETRY,FAILURE
training_0666,cust_0062,merchant_029,580.71,UNKNOWN_FAILURE,UPI,1953,0.6745,0.3398,0.8013,0.8594,2,0,1,REMINDER,FAILURE
training_0667,cust_0014,merchant_009,104.04,UNKNOWN_FAILURE,CARD,723,0.1054,0.6663,0.6350,0.5117,5,0,5,REMINDER,FAILURE
training_0668,cust_0068,merchant_011,578.60,PAYMENT_METHOD_ERROR,UPI,992,0.1514,0.3423,0.8290,0.2105,0,0,0,RETRY,FAILURE
training_0669,cust_0258,merchant_002,536.58,UNKNOWN_FAILURE,CARD,262,0.5057,0.5873,0.7665,0.7214,1,0,0,REMINDER,SUCCESS
training_0670,cust_0206,merchant_025,535.28,PAYMENT_METHOD_ERROR,WALLET,2070,0.4119,0.3302,0.2014,0.5699,4,4,0,RETRY,FAILURE
training_0671,cust_0266,merchant_025,298.34,UNKNOWN_FAILURE,UPI,157,0.9281,0.4150,0.3660,0.7563,3,1,0,RETRY,FAILURE
training_0672,cust_0139,merchant_019,96.95,INSUFFICIENT_FUNDS,CARD,2389,0.1008,0.8665,0.7493,0.6908,3,0,0,RETRY,FAILURE
training_0673,cust_0128,merchant_032,328.03,PAYMENT_METHOD_ERROR,CARD,857,0.5687,0.6015,0.7135,0.2164,0,0,0,REMINDER,FAILURE
training_0674,cust_0025,merchant_026,577.89,TEMPORARY_FAILURE,UPI,2535,0.6866,0.2310,0.3351,0.4076,0,0,0,RETRY,SUCCESS
training_0675,cust_0155,merchant_001,951.54,PAYMENT_METHOD_ERROR,UPI,80,0.6704,0.3990,0.9127,0.4106,0,0,0,RETRY,SUCCESS
training_0676,cust_0312,merchant_045,201.54,TEMPORARY_FAILURE,UPI,419,0.8063,0.8449,0.7262,0.5366,1,0,1,REMINDER,FAILURE
training_0677,cust_0309,merchant_036,938.41,INSUFFICIENT_FUNDS,WALLET,1710,0.3448,0.0760,0.3659,0.6111,3,1,0,RETRY,FAILURE
training_0678,cust_0285,merchant_036,290.32,TEMPORARY_FAILURE,NETBANKING,2619,0.1204,0.5340,0.1035,0.6075,2,0,2,REMINDER,FAILURE
training_0679,cust_0281,merchant_050,804.27,INSUFFICIENT_FUNDS,WALLET,1854,0.9129,0.8526,0.8921,0.4077,2,1,1,REMINDER,FAILURE
training_0680,cust_0233,merchant_021,9.45,TEMPORARY_FAILURE,UPI,1628,0.6843,0.1361,0.5581,0.8138,1,1,0,REMINDER,FAILURE
training_0681,cust_0016,merchant_026,695.92,PAYMENT_METHOD_ERROR,NETBANKING,1347,0.7463,0.7509,0.3849,0.4926,4,1,1,RETRY,FAILURE
training_0682,cust_0278,merchant_025,370.40,UNKNOWN_FAILURE,WALLET,2536,0.8861,0.1213,0.1153,0.8439,5,5,0,REMINDER,FAILURE
training_0683,cust_0115,merchant_004,408.74,PAYMENT_METHOD_ERROR,NETBANKING,2746,0.7256,0.2008,0.5842,0.8574,5,0,1,REMINDER,FAILURE
training_0684,cust_0265,merchant_032,373.74,TEMPORARY_FAILURE,NETBANKING,1434,0.5051,0.2888,0.4861,0.5332,0,0,0,REMINDER,FAILURE
training_0685,cust_0026,merchant_038,472.43,INSUFFICIENT_FUNDS,WALLET,2803,0.8656,0.1317,0.8252,0.5300,4,1,0,RETRY,FAILURE
training_0686,cust_0151,merchant_050,554.27,PAYMENT_METHOD_ERROR,UPI,413,0.3091,0.1236,0.7421,0.6295,2,2,0,RETRY,FAILURE
training_0687,cust_0002,merchant_028,319.44,TEMPORARY_FAILURE,CARD,157,0.4116,0.8495,0.3518,0.3739,5,4,1,RETRY,FAILURE
training_0688,cust_0298,merchant_031,97.20,TEMPORARY_FAILURE,WALLET,1366,0.8157,0.3228,0.5425,0.8345,1,1,0,RETRY,FAILURE
training_0689,cust_0199,merchant_007,336.81,UNKNOWN_FAILURE,WALLET,2588,0.2761,0.1925,0.9035,0.7427,0,0,0,REMINDER,FAILURE
training_0690,cust_0347,merchant_017,926.08,UNKNOWN_FAILURE,WALLET,2450,0.4577,0.7786,0.5376,0.4057,1,1,0,REMINDER,FAILURE
training_0691,cust_0038,merchant_027,51.98,PAYMENT_METHOD_ERROR,CARD,1655,0.4230,0.7706,0.2608,0.1256,5,2,1,RETRY,FAILURE
training_0692,cust_0147,merchant_006,788.77,UNKNOWN_FAILURE,UPI,2870,0.8683,0.8978,0.9426,0.6358,1,1,0,REMINDER,FAILURE
training_0693,cust_0124,merchant_004,759.62,PAYMENT_METHOD_ERROR,UPI,714,0.4231,0.1513,0.5285,0.1765,5,1,0,RETRY,FAILURE
training_0694,cust_0017,merchant_035,945.17,UNKNOWN_FAILURE,NETBANKING,1642,0.6018,0.7905,0.7885,0.4331,4,0,2,REMINDER,FAILURE
training_0695,cust_0006,merchant_005,412.78,UNKNOWN_FAILURE,WALLET,232,0.4006,0.8683,0.8018,0.7380,5,5,0,RETRY,FAILURE
training_0696,cust_0325,merchant_015,194.76,TEMPORARY_FAILURE,WALLET,2437,0.3246,0.7529,0.3154,0.1272,1,1,0,REMINDER,FAILURE
training_0697,cust_0292,merchant_035,133.32,PAYMENT_METHOD_ERROR,UPI,697,0.5453,0.6602,0.2640,0.0631,2,2,0,RETRY,FAILURE
training_0698,cust_0345,merchant_020,387.34,PAYMENT_METHOD_ERROR,NETBANKING,1618,0.8806,0.4931,0.3855,0.6280,5,5,0,REMINDER,FAILURE
training_0699,cust_0306,merchant_010,347.90,UNKNOWN_FAILURE,NETBANKING,2613,0.4501,0.5155,0.1285,0.5442,4,2,1,REMINDER,FAILURE
training_0700,cust_0026,merchant_032,669.95,PAYMENT_METHOD_ERROR,NETBANKING,327,0.5193,0.7255,0.5393,0.5715,4,0,1,REMINDER,FAILURE
training_0701,cust_0267,merchant_050,333.09,TEMPORARY_FAILURE,CARD,2308,0.9240,0.3793,0.3883,0.4578,1,1,0,REMINDER,FAILURE
training_0702,cust_0118,merchant_022,81.56,PAYMENT_METHOD_ERROR,CARD,94,0.8294,0.6026,0.2240,0.4734,3,3,0,REMINDER,FAILURE
training_0703,cust_0158,merchant_019,274.90,PAYMENT_METHOD_ERROR,UPI,2693,0.8695,0.3282,0.7609,0.2364,1,1,0,RETRY,SUCCESS
training_0704,cust_0201,merchant_024,79.52,TEMPORARY_FAILURE,NETBANKING,2491,0.1717,0.4678,0.8056,0.4270,4,3,1,RETRY,FAILURE
training_0705,cust_0178,merchant_032,915.32,PAYMENT_METHOD_ERROR,CARD,630,0.8639,0.3555,0.3756,0.5977,3,0,0,REMINDER,FAILURE
training_0706,cust_0106,merchant_035,504.76,UNKNOWN_FAILURE,UPI,1668,0.4007,0.4558,0.5003,0.6029,2,0,1,REMINDER,FAILURE
training_0707,cust_0161,merchant_019,449.02,PAYMENT_METHOD_ERROR,UPI,409,0.6483,0.8642,0.6628,0.8461,4,2,0,RETRY,FAILURE
training_0708,cust_0241,merchant_009,537.44,PAYMENT_METHOD_ERROR,WALLET,403,0.6190,0.8041,0.4098,0.2810,2,2,0,REMINDER,FAILURE
training_0709,cust_0232,merchant_009,624.81,UNKNOWN_FAILURE,WALLET,1506,0.5141,0.5514,0.3097,0.3074,3,0,0,REMINDER,FAILURE
training_0710,cust_0014,merchant_035,429.81,PAYMENT_METHOD_ERROR,CARD,958,0.5171,0.3312,0.7714,0.8113,2,2,0,RETRY,FAILURE
training_0711,cust_0305,merchant_022,430.46,TEMPORARY_FAILURE,CARD,2528,0.6669,0.4567,0.6127,0.4068,5,2,1,REMINDER,FAILURE
training_0712,cust_0003,merchant_041,606.01,INSUFFICIENT_FUNDS,WALLET,496,0.4479,0.6239,0.5422,0.6631,1,0,1,REMINDER,FAILURE
training_0713,cust_0003,merchant_024,185.73,INSUFFICIENT_FUNDS,CARD,2038,0.8761,0.4203,0.1909,0.0658,2,0,2,REMINDER,FAILURE
training_0714,cust_0215,merchant_011,833.35,PAYMENT_METHOD_ERROR,CARD,2674,0.4121,0.4775,0.8544,0.3515,2,2,0,RETRY,FAILURE
training_0715,cust_0317,merchant_023,327.28,PAYMENT_METHOD_ERROR,NETBANKING,1521,0.6681,0.1192,0.4958,0.4408,1,0,1,RETRY,FAILURE
training_0716,cust_0121,merchant_012,105.60,INSUFFICIENT_FUNDS,UPI,496,0.1340,0.6346,0.5624,0.3981,5,5,0,REMINDER,FAILURE
training_0717,cust_0247,merchant_006,987.04,PAYMENT_METHOD_ERROR,UPI,1645,0.6372,0.6837,0.3158,0.5817,2,1,0,RETRY,FAILURE
training_0718,cust_0106,merchant_014,468.83,INSUFFICIENT_FUNDS,WALLET,47,0.1440,0.2699,0.4189,0.8367,1,0,1,REMINDER,SUCCESS
training_0719,cust_0006,merchant_049,544.59,INSUFFICIENT_FUNDS,CARD,1834,0.6980,0.3239,0.1576,0.5541,0,0,0,RETRY,FAILURE
training_0720,cust_0080,merchant_039,702.41,UNKNOWN_FAILURE,UPI,1433,0.6557,0.8492,0.5000,0.3554,2,2,0,RETRY,FAILURE
training_0721,cust_0239,merchant_028,501.90,PAYMENT_METHOD_ERROR,NETBANKING,1979,0.6369,0.1178,0.5714,0.2031,4,0,1,RETRY,FAILURE
training_0722,cust_0150,merchant_050,487.77,UNKNOWN_FAILURE,NETBANKING,2489,0.6765,0.4861,0.6727,0.4072,3,2,0,RETRY,FAILURE
training_0723,cust_0350,merchant_009,946.84,TEMPORARY_FAILURE,NETBANKING,884,0.4723,0.8583,0.9404,0.6313,5,3,0,REMINDER,FAILURE
training_0724,cust_0281,merchant_039,729.65,TEMPORARY_FAILURE,WALLET,2606,0.2373,0.0615,0.8490,0.6318,3,0,1,RETRY,FAILURE
training_0725,cust_0307,merchant_028,233.30,PAYMENT_METHOD_ERROR,CARD,437,0.2137,0.5984,0.4080,0.4923,0,0,0,RETRY,FAILURE
training_0726,cust_0184,merchant_039,346.37,UNKNOWN_FAILURE,CARD,1128,0.4365,0.8102,0.1432,0.4793,1,0,1,REMINDER,FAILURE
training_0727,cust_0254,merchant_004,340.99,INSUFFICIENT_FUNDS,CARD,489,0.4461,0.4355,0.7816,0.3427,4,1,3,REMINDER,FAILURE
training_0728,cust_0180,merchant_049,246.71,UNKNOWN_FAILURE,CARD,660,0.1268,0.6041,0.8673,0.1495,2,2,0,REMINDER,FAILURE
training_0729,cust_0150,merchant_011,160.04,PAYMENT_METHOD_ERROR,NETBANKING,423,0.5198,0.0953,0.6391,0.7557,2,2,0,RETRY,FAILURE
training_0730,cust_0008,merchant_049,246.90,UNKNOWN_FAILURE,WALLET,2143,0.3981,0.4005,0.4481,0.8093,0,0,0,REMINDER,FAILURE
training_0731,cust_0218,merchant_032,175.66,UNKNOWN_FAILURE,NETBANKING,2772,0.8112,0.0590,0.2473,0.0861,1,1,0,REMINDER,FAILURE
training_0732,cust_0138,merchant_001,70.93,INSUFFICIENT_FUNDS,NETBANKING,2721,0.5808,0.1391,0.7926,0.2111,0,0,0,REMINDER,FAILURE
training_0733,cust_0095,merchant_016,889.91,TEMPORARY_FAILURE,CARD,2840,0.1880,0.6787,0.7378,0.6446,4,4,0,RETRY,SUCCESS
training_0734,cust_0081,merchant_020,352.54,TEMPORARY_FAILURE,WALLET,777,0.3375,0.0519,0.6040,0.4891,0,0,0,RETRY,FAILURE
training_0735,cust_0120,merchant_017,649.25,TEMPORARY_FAILURE,CARD,88,0.8840,0.1006,0.6747,0.6799,4,0,3,RETRY,SUCCESS
training_0736,cust_0191,merchant_032,184.67,UNKNOWN_FAILURE,NETBANKING,829,0.1147,0.3502,0.9221,0.8829,4,0,3,REMINDER,FAILURE
training_0737,cust_0207,merchant_044,587.89,PAYMENT_METHOD_ERROR,NETBANKING,869,0.5748,0.1937,0.4946,0.7955,5,4,1,REMINDER,FAILURE
training_0738,cust_0322,merchant_030,714.01,INSUFFICIENT_FUNDS,WALLET,1693,0.1543,0.2403,0.4491,0.1788,3,2,1,RETRY,FAILURE
training_0739,cust_0256,merchant_015,594.16,UNKNOWN_FAILURE,UPI,765,0.9292,0.6909,0.9429,0.5695,4,1,0,RETRY,SUCCESS
training_0740,cust_0116,merchant_018,479.48,UNKNOWN_FAILURE,WALLET,1682,0.9372,0.6530,0.4205,0.1649,3,2,1,REMINDER,FAILURE
training_0741,cust_0080,merchant_030,568.53,UNKNOWN_FAILURE,UPI,628,0.6048,0.2360,0.5109,0.1080,5,4,1,REMINDER,SUCCESS
training_0742,cust_0286,merchant_026,449.08,INSUFFICIENT_FUNDS,UPI,376,0.2401,0.5015,0.5450,0.4346,4,1,1,RETRY,SUCCESS
training_0743,cust_0203,merchant_048,450.84,UNKNOWN_FAILURE,CARD,733,0.7878,0.5907,0.7968,0.7439,0,0,0,RETRY,FAILURE
training_0744,cust_0010,merchant_010,659.19,UNKNOWN_FAILURE,CARD,1147,0.7589,0.0826,0.4100,0.6312,1,1,0,REMINDER,FAILURE
training_0745,cust_0290,merchant_028,633.93,INSUFFICIENT_FUNDS,CARD,1161,0.7935,0.0671,0.5102,0.3500,4,1,2,RETRY,FAILURE
training_0746,cust_0219,merchant_002,234.77,UNKNOWN_FAILURE,NETBANKING,1784,0.4512,0.4059,0.7759,0.4246,4,3,0,RETRY,FAILURE
training_0747,cust_0159,merchant_015,724.81,UNKNOWN_FAILURE,WALLET,2094,0.1999,0.8946,0.8763,0.1241,2,0,0,RETRY,FAILURE
training_0748,cust_0044,merchant_022,700.38,PAYMENT_METHOD_ERROR,CARD,1490,0.2628,0.7922,0.8408,0.5494,3,1,0,REMINDER,FAILURE
training_0749,cust_0047,merchant_041,62.53,TEMPORARY_FAILURE,WALLET,2173,0.8332,0.6980,0.5706,0.2124,0,0,0,REMINDER,FAILURE
training_0750,cust_0339,merchant_014,802.16,PAYMENT_METHOD_ERROR,UPI,1984,0.3556,0.8065,0.5811,0.3456,3,0,0,RETRY,FAILURE
training_0751,cust_0245,merchant_021,610.89,TEMPORARY_FAILURE,WALLET,1411,0.5157,0.1004,0.3781,0.3956,2,2,0,REMINDER,FAILURE
training_0752,cust_0248,merchant_036,307.01,TEMPORARY_FAILURE,UPI,866,0.1137,0.6686,0.3397,0.7890,2,2,0,REMINDER,FAILURE
training_0753,cust_0114,merchant_026,271.12,TEMPORARY_FAILURE,WALLET,690,0.6170,0.6692,0.7486,0.5187,1,1,0,REMINDER,FAILURE
training_0754,cust_0249,merchant_007,882.46,TEMPORARY_FAILURE,UPI,2719,0.1637,0.3575,0.2145,0.0933,5,2,1,RETRY,SUCCESS
training_0755,cust_0289,merchant_028,710.04,TEMPORARY_FAILURE,NETBANKING,219,0.3011,0.6099,0.5559,0.7406,0,0,0,REMINDER,SUCCESS
training_0756,cust_0322,merchant_014,235.96,INSUFFICIENT_FUNDS,NETBANKING,1660,0.6976,0.3880,0.7595,0.4505,1,0,1,RETRY,FAILURE
training_0757,cust_0164,merchant_050,426.26,INSUFFICIENT_FUNDS,NETBANKING,665,0.2637,0.1075,0.8481,0.0765,5,0,0,REMINDER,FAILURE
training_0758,cust_0246,merchant_037,664.64,TEMPORARY_FAILURE,UPI,1644,0.6315,0.0620,0.1754,0.1078,5,3,0,RETRY,SUCCESS
training_0759,cust_0111,merchant_040,454.88,UNKNOWN_FAILURE,UPI,2093,0.8367,0.3728,0.1460,0.6617,2,0,0,REMINDER,FAILURE
training_0760,cust_0319,merchant_005,116.30,UNKNOWN_FAILURE,UPI,2461,0.8131,0.2291,0.6356,0.8635,1,0,1,RETRY,FAILURE
training_0761,cust_0222,merchant_046,412.17,INSUFFICIENT_FUNDS,UPI,136,0.6051,0.8779,0.2174,0.6281,0,0,0,REMINDER,FAILURE
training_0762,cust_0321,merchant_021,639.46,PAYMENT_METHOD_ERROR,WALLET,1209,0.9437,0.3786,0.3639,0.6812,2,1,1,REMINDER,FAILURE
training_0763,cust_0020,merchant_038,561.63,TEMPORARY_FAILURE,WALLET,1094,0.2130,0.6727,0.9426,0.2981,0,0,0,RETRY,SUCCESS
training_0764,cust_0312,merchant_010,132.98,PAYMENT_METHOD_ERROR,UPI,178,0.7180,0.1037,0.3914,0.2498,2,0,1,RETRY,FAILURE
training_0765,cust_0121,merchant_004,647.49,INSUFFICIENT_FUNDS,CARD,329,0.1658,0.6489,0.4063,0.5709,4,3,0,REMINDER,FAILURE
training_0766,cust_0149,merchant_032,337.82,TEMPORARY_FAILURE,UPI,2288,0.7669,0.8299,0.1160,0.8427,5,2,0,RETRY,FAILURE
training_0767,cust_0185,merchant_021,726.21,INSUFFICIENT_FUNDS,CARD,1966,0.4875,0.3434,0.7100,0.1964,5,3,2,REMINDER,FAILURE
training_0768,cust_0137,merchant_006,890.77,INSUFFICIENT_FUNDS,CARD,770,0.6012,0.7009,0.8450,0.3354,4,1,1,RETRY,SUCCESS
training_0769,cust_0328,merchant_003,56.02,INSUFFICIENT_FUNDS,WALLET,1185,0.5128,0.2532,0.2202,0.3589,0,0,0,REMINDER,SUCCESS
training_0770,cust_0074,merchant_049,216.59,INSUFFICIENT_FUNDS,CARD,768,0.8969,0.3600,0.7204,0.4838,3,2,1,REMINDER,FAILURE
training_0771,cust_0289,merchant_011,703.59,PAYMENT_METHOD_ERROR,NETBANKING,907,0.9051,0.0919,0.9197,0.2466,2,2,0,REMINDER,FAILURE
training_0772,cust_0094,merchant_005,109.13,INSUFFICIENT_FUNDS,CARD,2269,0.4230,0.5104,0.4430,0.6744,1,0,1,RETRY,FAILURE
training_0773,cust_0102,merchant_029,680.20,PAYMENT_METHOD_ERROR,CARD,1708,0.9172,0.8001,0.1502,0.3822,2,2,0,RETRY,SUCCESS
training_0774,cust_0154,merchant_015,338.76,TEMPORARY_FAILURE,UPI,135,0.8884,0.0780,0.9188,0.2786,4,3,1,REMINDER,FAILURE
training_0775,cust_0131,merchant_039,293.80,PAYMENT_METHOD_ERROR,UPI,2337,0.3959,0.4379,0.5344,0.8970,1,0,0,RETRY,FAILURE
training_0776,cust_0324,merchant_008,568.56,PAYMENT_METHOD_ERROR,UPI,1630,0.8359,0.3231,0.4689,0.2870,0,0,0,REMINDER,FAILURE
training_0777,cust_0062,merchant_001,406.29,INSUFFICIENT_FUNDS,WALLET,957,0.3498,0.7724,0.6283,0.2177,3,1,2,RETRY,FAILURE
training_0778,cust_0262,merchant_024,203.79,TEMPORARY_FAILURE,UPI,2012,0.4369,0.3375,0.2292,0.5622,3,0,3,RETRY,FAILURE
training_0779,cust_0322,merchant_049,919.62,TEMPORARY_FAILURE,NETBANKING,2282,0.8112,0.1789,0.6638,0.4266,1,0,1,RETRY,FAILURE
training_0780,cust_0098,merchant_043,982.59,PAYMENT_METHOD_ERROR,NETBANKING,1728,0.7092,0.7633,0.2669,0.2145,0,0,0,REMINDER,FAILURE
training_0781,cust_0044,merchant_001,680.32,TEMPORARY_FAILURE,UPI,2285,0.4581,0.5830,0.2862,0.8655,5,2,3,REMINDER,FAILURE
training_0782,cust_0132,merchant_043,235.65,PAYMENT_METHOD_ERROR,UPI,1798,0.5878,0.3281,0.3641,0.8287,0,0,0,REMINDER,FAILURE
training_0783,cust_0080,merchant_041,668.76,PAYMENT_METHOD_ERROR,UPI,750,0.6462,0.1506,0.9497,0.1967,1,1,0,RETRY,FAILURE
training_0784,cust_0036,merchant_045,58.43,UNKNOWN_FAILURE,UPI,297,0.6261,0.3052,0.2820,0.6118,5,0,2,REMINDER,FAILURE
training_0785,cust_0319,merchant_034,536.46,PAYMENT_METHOD_ERROR,UPI,50,0.6793,0.1828,0.3969,0.7833,4,4,0,RETRY,FAILURE
training_0786,cust_0230,merchant_034,853.74,PAYMENT_METHOD_ERROR,NETBANKING,103,0.6250,0.7713,0.2842,0.7082,4,1,2,RETRY,FAILURE
training_0787,cust_0100,merchant_010,984.35,PAYMENT_METHOD_ERROR,WALLET,2052,0.3021,0.8542,0.3694,0.2754,3,0,3,RETRY,FAILURE
training_0788,cust_0318,merchant_022,357.03,UNKNOWN_FAILURE,WALLET,2181,0.7736,0.6331,0.1139,0.1416,3,0,3,REMINDER,FAILURE
training_0789,cust_0246,merchant_043,501.42,INSUFFICIENT_FUNDS,UPI,1562,0.9144,0.6179,0.1292,0.5532,5,3,0,REMINDER,FAILURE
training_0790,cust_0029,merchant_024,404.60,PAYMENT_METHOD_ERROR,WALLET,484,0.8783,0.1260,0.9055,0.3688,4,2,0,REMINDER,FAILURE
training_0791,cust_0103,merchant_009,11.76,INSUFFICIENT_FUNDS,UPI,587,0.1702,0.3476,0.6764,0.6055,5,5,0,REMINDER,FAILURE
training_0792,cust_0206,merchant_018,134.09,TEMPORARY_FAILURE,NETBANKING,634,0.2700,0.8285,0.2126,0.8002,4,3,0,RETRY,FAILURE
training_0793,cust_0294,merchant_014,787.61,TEMPORARY_FAILURE,CARD,2403,0.5758,0.3530,0.4375,0.3530,4,1,3,REMINDER,FAILURE
training_0794,cust_0225,merchant_042,971.33,INSUFFICIENT_FUNDS,WALLET,1512,0.7363,0.8395,0.7914,0.8943,2,2,0,RETRY,FAILURE
training_0795,cust_0220,merchant_011,294.41,TEMPORARY_FAILURE,NETBANKING,2296,0.3911,0.2716,0.5706,0.1418,5,2,0,RETRY,FAILURE
training_0796,cust_0144,merchant_036,626.13,UNKNOWN_FAILURE,UPI,1047,0.8400,0.7220,0.3404,0.3183,3,0,1,RETRY,SUCCESS
training_0797,cust_0303,merchant_046,823.40,PAYMENT_METHOD_ERROR,CARD,2146,0.9165,0.4170,0.4229,0.8099,4,1,1,RETRY,FAILURE
training_0798,cust_0047,merchant_003,309.25,UNKNOWN_FAILURE,WALLET,2416,0.7966,0.4414,0.6088,0.7974,2,0,1,REMINDER,FAILURE
training_0799,cust_0267,merchant_040,713.14,TEMPORARY_FAILURE,WALLET,561,0.3461,0.2281,0.2845,0.1341,5,2,0,RETRY,FAILURE
training_0800,cust_0125,merchant_050,905.36,PAYMENT_METHOD_ERROR,UPI,2692,0.5700,0.5011,0.8555,0.2709,5,5,0,RETRY,FAILURE
training_0801,cust_0288,merchant_019,411.62,PAYMENT_METHOD_ERROR,UPI,530,0.3347,0.1494,0.9336,0.3426,0,0,0,REMINDER,FAILURE
training_0802,cust_0073,merchant_012,711.15,TEMPORARY_FAILURE,WALLET,1830,0.6728,0.7585,0.9318,0.7209,3,1,0,REMINDER,FAILURE
training_0803,cust_0026,merchant_009,167.59,PAYMENT_METHOD_ERROR,UPI,1408,0.1839,0.0850,0.8179,0.0918,0,0,0,REMINDER,FAILURE
training_0804,cust_0250,merchant_017,185.97,UNKNOWN_FAILURE,NETBANKING,1319,0.2879,0.2878,0.8688,0.8552,5,5,0,REMINDER,FAILURE
training_0805,cust_0021,merchant_036,89.13,TEMPORARY_FAILURE,NETBANKING,24,0.4277,0.2695,0.4527,0.0513,5,3,2,REMINDER,FAILURE
training_0806,cust_0019,merchant_001,564.99,INSUFFICIENT_FUNDS,NETBANKING,135,0.3088,0.6478,0.6544,0.6567,1,0,1,RETRY,FAILURE
training_0807,cust_0051,merchant_039,951.04,INSUFFICIENT_FUNDS,CARD,936,0.7817,0.3373,0.9260,0.1253,1,0,1,REMINDER,SUCCESS
training_0808,cust_0278,merchant_024,270.07,TEMPORARY_FAILURE,CARD,1597,0.3882,0.8943,0.2017,0.7022,3,3,0,RETRY,FAILURE
training_0809,cust_0175,merchant_049,79.21,INSUFFICIENT_FUNDS,NETBANKING,1646,0.5648,0.2466,0.4075,0.5649,3,0,2,REMINDER,FAILURE
training_0810,cust_0035,merchant_012,778.86,TEMPORARY_FAILURE,WALLET,2502,0.1201,0.8900,0.2611,0.5078,4,1,1,RETRY,FAILURE
training_0811,cust_0213,merchant_014,556.41,TEMPORARY_FAILURE,UPI,336,0.4579,0.3170,0.8972,0.3039,2,2,0,RETRY,FAILURE
training_0812,cust_0109,merchant_047,22.75,INSUFFICIENT_FUNDS,WALLET,241,0.7597,0.1364,0.7501,0.0913,0,0,0,RETRY,FAILURE
training_0813,cust_0133,merchant_028,691.68,PAYMENT_METHOD_ERROR,NETBANKING,1077,0.2911,0.0701,0.2472,0.8742,4,3,1,RETRY,FAILURE
training_0814,cust_0342,merchant_036,391.06,PAYMENT_METHOD_ERROR,NETBANKING,643,0.2046,0.2573,0.2336,0.3946,3,2,1,RETRY,FAILURE
training_0815,cust_0056,merchant_016,480.18,PAYMENT_METHOD_ERROR,UPI,1655,0.4156,0.6049,0.7978,0.6792,5,0,0,RETRY,FAILURE
training_0816,cust_0285,merchant_035,31.89,PAYMENT_METHOD_ERROR,UPI,1334,0.6152,0.2694,0.4645,0.4439,1,1,0,RETRY,FAILURE
training_0817,cust_0200,merchant_041,500.49,PAYMENT_METHOD_ERROR,CARD,658,0.5858,0.6103,0.3569,0.5104,0,0,0,REMINDER,FAILURE
training_0818,cust_0129,merchant_034,448.43,PAYMENT_METHOD_ERROR,CARD,2036,0.8114,0.1519,0.5082,0.4720,0,0,0,REMINDER,SUCCESS
training_0819,cust_0100,merchant_003,925.76,UNKNOWN_FAILURE,NETBANKING,1378,0.3680,0.0603,0.6910,0.8109,4,4,0,RETRY,FAILURE
training_0820,cust_0144,merchant_001,571.79,TEMPORARY_FAILURE,CARD,768,0.6610,0.0771,0.8918,0.6416,1,1,0,RETRY,SUCCESS
training_0821,cust_0082,merchant_014,554.40,UNKNOWN_FAILURE,CARD,2508,0.9214,0.3874,0.1955,0.3936,0,0,0,REMINDER,SUCCESS
training_0822,cust_0066,merchant_037,831.22,UNKNOWN_FAILURE,WALLET,1580,0.4996,0.5820,0.2616,0.5363,4,4,0,RETRY,FAILURE
training_0823,cust_0344,merchant_038,312.57,TEMPORARY_FAILURE,UPI,1508,0.4629,0.2431,0.6623,0.2249,2,1,0,RETRY,FAILURE
training_0824,cust_0231,merchant_006,886.00,INSUFFICIENT_FUNDS,WALLET,1807,0.8156,0.8656,0.8291,0.3015,3,0,2,RETRY,FAILURE
training_0825,cust_0055,merchant_014,687.82,INSUFFICIENT_FUNDS,WALLET,1178,0.6725,0.3660,0.8773,0.6564,2,1,1,REMINDER,FAILURE
training_0826,cust_0027,merchant_006,813.20,UNKNOWN_FAILURE,NETBANKING,1260,0.1087,0.4715,0.5627,0.8465,3,1,1,RETRY,FAILURE
training_0827,cust_0066,merchant_039,206.25,UNKNOWN_FAILURE,WALLET,496,0.5438,0.2565,0.2436,0.7175,5,2,2,REMINDER,FAILURE
training_0828,cust_0273,merchant_002,162.66,INSUFFICIENT_FUNDS,CARD,280,0.2379,0.4747,0.7015,0.7858,0,0,0,REMINDER,SUCCESS
training_0829,cust_0105,merchant_002,406.48,PAYMENT_METHOD_ERROR,CARD,460,0.9163,0.3627,0.5081,0.3621,1,0,0,RETRY,FAILURE
training_0830,cust_0301,merchant_032,491.16,INSUFFICIENT_FUNDS,WALLET,526,0.3889,0.5454,0.6624,0.1793,1,1,0,REMINDER,FAILURE
training_0831,cust_0143,merchant_019,796.44,PAYMENT_METHOD_ERROR,WALLET,2244,0.1828,0.2777,0.8907,0.4968,1,1,0,RETRY,FAILURE
training_0832,cust_0008,merchant_043,71.21,PAYMENT_METHOD_ERROR,UPI,498,0.1448,0.1514,0.6462,0.7872,4,0,3,REMINDER,FAILURE
training_0833,cust_0323,merchant_011,100.01,INSUFFICIENT_FUNDS,CARD,2477,0.7386,0.1308,0.1412,0.3894,1,0,1,RETRY,FAILURE
training_0834,cust_0236,merchant_013,36.14,UNKNOWN_FAILURE,WALLET,2495,0.1068,0.8419,0.8126,0.5941,3,3,0,RETRY,FAILURE
training_0835,cust_0115,merchant_042,593.89,TEMPORARY_FAILURE,WALLET,1409,0.3382,0.1639,0.1767,0.0818,1,1,0,REMINDER,FAILURE
training_0836,cust_0222,merchant_022,442.88,UNKNOWN_FAILURE,CARD,2589,0.2619,0.4174,0.5041,0.8139,2,2,0,RETRY,FAILURE
training_0837,cust_0268,merchant_031,727.15,TEMPORARY_FAILURE,NETBANKING,663,0.9340,0.2580,0.3056,0.7477,5,3,2,REMINDER,FAILURE
training_0838,cust_0207,merchant_009,239.20,TEMPORARY_FAILURE,UPI,2562,0.7849,0.1721,0.1966,0.1421,3,2,1,RETRY,FAILURE
training_0839,cust_0312,merchant_009,562.77,INSUFFICIENT_FUNDS,WALLET,1839,0.6669,0.4074,0.3983,0.1229,1,0,0,REMINDER,SUCCESS
training_0840,cust_0275,merchant_026,476.55,INSUFFICIENT_FUNDS,CARD,157,0.5708,0.5080,0.4443,0.4064,2,2,0,REMINDER,FAILURE
training_0841,cust_0103,merchant_003,882.04,UNKNOWN_FAILURE,CARD,227,0.6824,0.7062,0.3508,0.1966,5,0,1,RETRY,SUCCESS
training_0842,cust_0107,merchant_029,769.65,TEMPORARY_FAILURE,CARD,2223,0.8704,0.2514,0.9273,0.5849,1,1,0,REMINDER,FAILURE
training_0843,cust_0022,merchant_021,760.06,INSUFFICIENT_FUNDS,UPI,1511,0.4570,0.4308,0.5053,0.2549,2,1,1,RETRY,FAILURE
training_0844,cust_0258,merchant_030,153.14,UNKNOWN_FAILURE,WALLET,2143,0.6604,0.3820,0.5567,0.2075,0,0,0,RETRY,FAILURE
training_0845,cust_0002,merchant_045,393.05,INSUFFICIENT_FUNDS,WALLET,1066,0.7587,0.5501,0.6970,0.8141,4,2,2,REMINDER,FAILURE
training_0846,cust_0093,merchant_031,668.15,UNKNOWN_FAILURE,NETBANKING,945,0.3831,0.6841,0.9106,0.5753,0,0,0,RETRY,FAILURE
training_0847,cust_0124,merchant_031,835.57,TEMPORARY_FAILURE,NETBANKING,936,0.8566,0.2156,0.8109,0.5026,2,2,0,REMINDER,FAILURE
training_0848,cust_0283,merchant_038,683.97,TEMPORARY_FAILURE,WALLET,2012,0.4419,0.2301,0.6282,0.4001,2,2,0,REMINDER,SUCCESS
training_0849,cust_0162,merchant_015,564.26,TEMPORARY_FAILURE,CARD,1563,0.6741,0.6571,0.6164,0.5492,3,3,0,REMINDER,FAILURE
training_0850,cust_0289,merchant_039,21.42,PAYMENT_METHOD_ERROR,UPI,875,0.7492,0.2967,0.5991,0.6440,3,2,1,RETRY,FAILURE
training_0851,cust_0163,merchant_009,309.73,UNKNOWN_FAILURE,UPI,2628,0.1838,0.2231,0.8613,0.4924,5,0,2,RETRY,FAILURE
training_0852,cust_0147,merchant_027,627.11,PAYMENT_METHOD_ERROR,NETBANKING,1624,0.1797,0.7689,0.9143,0.8948,1,0,1,RETRY,FAILURE
training_0853,cust_0312,merchant_017,200.39,PAYMENT_METHOD_ERROR,UPI,2120,0.5614,0.1381,0.4190,0.4778,4,1,2,REMINDER,FAILURE
training_0854,cust_0161,merchant_045,495.30,TEMPORARY_FAILURE,CARD,2437,0.2204,0.1388,0.8513,0.2506,3,3,0,RETRY,FAILURE
training_0855,cust_0323,merchant_015,42.16,INSUFFICIENT_FUNDS,CARD,2570,0.5897,0.2047,0.6938,0.3165,1,0,0,RETRY,SUCCESS
training_0856,cust_0048,merchant_041,659.67,TEMPORARY_FAILURE,WALLET,1185,0.8020,0.2506,0.5878,0.1130,3,3,0,RETRY,FAILURE
training_0857,cust_0101,merchant_022,363.14,TEMPORARY_FAILURE,WALLET,1274,0.8759,0.6647,0.9214,0.5714,4,1,3,RETRY,SUCCESS
training_0858,cust_0293,merchant_012,175.27,TEMPORARY_FAILURE,UPI,1043,0.6241,0.4386,0.5623,0.3837,5,4,0,RETRY,FAILURE
training_0859,cust_0172,merchant_043,237.76,TEMPORARY_FAILURE,NETBANKING,462,0.6624,0.8426,0.9255,0.4038,3,3,0,REMINDER,SUCCESS
training_0860,cust_0137,merchant_013,397.32,PAYMENT_METHOD_ERROR,WALLET,2354,0.2992,0.6702,0.8777,0.5071,0,0,0,RETRY,FAILURE
training_0861,cust_0136,merchant_026,599.14,PAYMENT_METHOD_ERROR,WALLET,792,0.7324,0.7386,0.6987,0.2813,2,0,1,REMINDER,FAILURE
training_0862,cust_0348,merchant_049,577.96,TEMPORARY_FAILURE,NETBANKING,2316,0.4077,0.2610,0.1983,0.8697,3,2,0,RETRY,FAILURE
training_0863,cust_0180,merchant_032,609.67,TEMPORARY_FAILURE,UPI,859,0.1431,0.8340,0.3545,0.3879,3,2,0,REMINDER,FAILURE
training_0864,cust_0230,merchant_015,343.09,UNKNOWN_FAILURE,UPI,1378,0.6833,0.1613,0.8799,0.1373,0,0,0,RETRY,FAILURE
training_0865,cust_0254,merchant_009,420.01,TEMPORARY_FAILURE,CARD,2363,0.6303,0.0862,0.1799,0.1086,1,0,1,REMINDER,FAILURE
training_0866,cust_0205,merchant_025,918.40,PAYMENT_METHOD_ERROR,UPI,2812,0.6867,0.8738,0.8892,0.2457,0,0,0,RETRY,SUCCESS
training_0867,cust_0198,merchant_023,742.04,TEMPORARY_FAILURE,CARD,853,0.3817,0.1908,0.5457,0.1363,3,3,0,RETRY,FAILURE
training_0868,cust_0177,merchant_010,860.43,TEMPORARY_FAILURE,CARD,339,0.2684,0.5890,0.6026,0.5321,0,0,0,REMINDER,FAILURE
training_0869,cust_0322,merchant_004,639.14,UNKNOWN_FAILURE,CARD,812,0.3986,0.6780,0.7587,0.8526,5,5,0,REMINDER,FAILURE
training_0870,cust_0073,merchant_002,525.13,UNKNOWN_FAILURE,UPI,1711,0.1665,0.8872,0.1931,0.5368,3,1,0,RETRY,FAILURE
training_0871,cust_0170,merchant_019,845.47,UNKNOWN_FAILURE,CARD,1801,0.1159,0.4192,0.4948,0.5633,5,2,3,REMINDER,SUCCESS
training_0872,cust_0167,merchant_046,100.15,INSUFFICIENT_FUNDS,CARD,1376,0.5035,0.6875,0.7876,0.8820,2,1,1,REMINDER,FAILURE
training_0873,cust_0301,merchant_016,432.03,TEMPORARY_FAILURE,CARD,1343,0.3906,0.4560,0.3688,0.5120,5,4,1,RETRY,FAILURE
training_0874,cust_0222,merchant_011,274.08,INSUFFICIENT_FUNDS,UPI,2678,0.2712,0.8540,0.2209,0.6965,4,4,0,RETRY,FAILURE
training_0875,cust_0219,merchant_015,320.89,INSUFFICIENT_FUNDS,WALLET,770,0.6090,0.5986,0.2581,0.4212,0,0,0,REMINDER,SUCCESS
training_0876,cust_0149,merchant_024,987.37,TEMPORARY_FAILURE,UPI,1408,0.7943,0.4967,0.2634,0.5297,0,0,0,REMINDER,FAILURE
training_0877,cust_0305,merchant_008,661.51,UNKNOWN_FAILURE,NETBANKING,484,0.3486,0.6646,0.3674,0.4019,2,0,1,RETRY,FAILURE
training_0878,cust_0293,merchant_050,690.02,TEMPORARY_FAILURE,UPI,2421,0.4382,0.1335,0.4102,0.8230,0,0,0,RETRY,FAILURE
training_0879,cust_0269,merchant_040,583.18,TEMPORARY_FAILURE,WALLET,1916,0.4542,0.5699,0.3488,0.1454,1,1,0,RETRY,FAILURE
training_0880,cust_0046,merchant_024,798.86,UNKNOWN_FAILURE,NETBANKING,2562,0.5674,0.5676,0.7062,0.2817,3,3,0,RETRY,FAILURE
training_0881,cust_0305,merchant_039,306.13,PAYMENT_METHOD_ERROR,CARD,34,0.2103,0.7648,0.1083,0.0836,4,0,2,RETRY,FAILURE
training_0882,cust_0338,merchant_022,46.17,TEMPORARY_FAILURE,CARD,1125,0.4213,0.5512,0.3995,0.3265,5,0,5,REMINDER,FAILURE
training_0883,cust_0041,merchant_045,367.72,PAYMENT_METHOD_ERROR,UPI,1473,0.6110,0.8365,0.1200,0.3656,5,3,0,RETRY,FAILURE
training_0884,cust_0295,merchant_009,908.08,INSUFFICIENT_FUNDS,UPI,1267,0.8530,0.7945,0.8823,0.5302,1,1,0,REMINDER,SUCCESS
training_0885,cust_0194,merchant_003,214.82,INSUFFICIENT_FUNDS,CARD,2056,0.4819,0.1201,0.6863,0.2151,1,1,0,RETRY,FAILURE
training_0886,cust_0160,merchant_006,311.50,INSUFFICIENT_FUNDS,NETBANKING,2631,0.4850,0.5599,0.7092,0.2802,2,1,0,RETRY,SUCCESS
training_0887,cust_0132,merchant_047,574.05,TEMPORARY_FAILURE,UPI,2849,0.6292,0.2625,0.4514,0.4882,4,2,2,RETRY,FAILURE
training_0888,cust_0342,merchant_050,205.08,INSUFFICIENT_FUNDS,WALLET,1497,0.4087,0.1427,0.5830,0.7731,0,0,0,RETRY,FAILURE
training_0889,cust_0143,merchant_001,150.24,UNKNOWN_FAILURE,WALLET,2113,0.6982,0.1023,0.5269,0.0951,2,0,1,REMINDER,FAILURE
training_0890,cust_0259,merchant_013,257.74,TEMPORARY_FAILURE,CARD,1079,0.4820,0.1305,0.6638,0.4728,5,1,1,RETRY,SUCCESS
training_0891,cust_0051,merchant_014,197.09,UNKNOWN_FAILURE,CARD,932,0.8515,0.4517,0.1205,0.8961,5,5,0,RETRY,FAILURE
training_0892,cust_0081,merchant_049,521.51,INSUFFICIENT_FUNDS,NETBANKING,1109,0.8366,0.8041,0.5562,0.4907,4,3,1,RETRY,FAILURE
training_0893,cust_0218,merchant_047,442.61,INSUFFICIENT_FUNDS,NETBANKING,2380,0.8759,0.4608,0.5030,0.5811,5,1,0,REMINDER,FAILURE
training_0894,cust_0070,merchant_026,16.86,INSUFFICIENT_FUNDS,WALLET,423,0.3373,0.3225,0.5357,0.3762,5,1,2,RETRY,SUCCESS
training_0895,cust_0306,merchant_028,207.21,PAYMENT_METHOD_ERROR,WALLET,2515,0.7762,0.3658,0.4953,0.6651,4,4,0,REMINDER,FAILURE
training_0896,cust_0036,merchant_024,687.92,INSUFFICIENT_FUNDS,NETBANKING,2141,0.2164,0.8635,0.7844,0.8536,3,2,0,REMINDER,FAILURE
training_0897,cust_0114,merchant_039,612.45,TEMPORARY_FAILURE,UPI,1368,0.4078,0.6993,0.5122,0.3848,3,1,2,RETRY,SUCCESS
training_0898,cust_0181,merchant_025,66.66,INSUFFICIENT_FUNDS,CARD,2246,0.1769,0.1603,0.5624,0.5467,0,0,0,REMINDER,FAILURE
training_0899,cust_0060,merchant_032,769.93,UNKNOWN_FAILURE,CARD,880,0.9277,0.7738,0.8489,0.7022,4,1,1,REMINDER,FAILURE
training_0900,cust_0261,merchant_002,196.53,PAYMENT_METHOD_ERROR,CARD,927,0.5416,0.1869,0.2135,0.8058,4,4,0,RETRY,FAILURE
training_0901,cust_0184,merchant_036,493.90,UNKNOWN_FAILURE,CARD,607,0.7687,0.7169,0.2631,0.1380,2,1,0,REMINDER,FAILURE
training_0902,cust_0124,merchant_041,967.51,UNKNOWN_FAILURE,CARD,1521,0.9065,0.2038,0.5293,0.3471,2,2,0,REMINDER,FAILURE
training_0903,cust_0097,merchant_032,376.61,UNKNOWN_FAILURE,WALLET,150,0.1725,0.6279,0.5434,0.3194,1,0,1,RETRY,FAILURE
training_0904,cust_0045,merchant_038,73.16,PAYMENT_METHOD_ERROR,UPI,1150,0.9322,0.4588,0.8877,0.6650,4,1,3,REMINDER,FAILURE
training_0905,cust_0338,merchant_010,829.29,UNKNOWN_FAILURE,CARD,2444,0.3195,0.6712,0.1902,0.6616,3,1,1,REMINDER,FAILURE
training_0906,cust_0023,merchant_023,154.36,PAYMENT_METHOD_ERROR,CARD,1598,0.4248,0.4792,0.3231,0.1124,0,0,0,REMINDER,FAILURE
training_0907,cust_0139,merchant_007,500.44,UNKNOWN_FAILURE,UPI,1858,0.8394,0.6148,0.7841,0.7338,4,0,2,REMINDER,FAILURE
training_0908,cust_0082,merchant_017,854.00,TEMPORARY_FAILURE,WALLET,2102,0.8217,0.8613,0.9483,0.4084,2,2,0,REMINDER,FAILURE
training_0909,cust_0018,merchant_029,796.65,UNKNOWN_FAILURE,NETBANKING,2816,0.9000,0.1456,0.3189,0.1035,3,0,3,RETRY,FAILURE
training_0910,cust_0074,merchant_029,209.43,PAYMENT_METHOD_ERROR,WALLET,1776,0.2996,0.7651,0.2176,0.1752,1,0,0,RETRY,FAILURE
training_0911,cust_0346,merchant_011,207.60,PAYMENT_METHOD_ERROR,UPI,2422,0.5757,0.1220,0.6945,0.3043,5,3,1,RETRY,FAILURE
training_0912,cust_0061,merchant_003,938.19,UNKNOWN_FAILURE,CARD,1313,0.1879,0.3089,0.9491,0.0576,4,1,2,REMINDER,FAILURE
training_0913,cust_0012,merchant_016,66.03,UNKNOWN_FAILURE,UPI,1744,0.7681,0.3025,0.7185,0.3718,0,0,0,RETRY,FAILURE
training_0914,cust_0109,merchant_027,745.36,UNKNOWN_FAILURE,CARD,2141,0.3644,0.8923,0.1247,0.2299,0,0,0,RETRY,FAILURE
training_0915,cust_0146,merchant_047,770.33,UNKNOWN_FAILURE,UPI,529,0.3678,0.2689,0.4879,0.3865,1,1,0,REMINDER,SUCCESS
training_0916,cust_0317,merchant_041,402.24,UNKNOWN_FAILURE,NETBANKING,613,0.3657,0.7491,0.4703,0.0928,0,0,0,REMINDER,FAILURE
training_0917,cust_0044,merchant_035,42.26,TEMPORARY_FAILURE,UPI,438,0.5469,0.2073,0.1490,0.7982,0,0,0,REMINDER,FAILURE
training_0918,cust_0068,merchant_001,928.74,UNKNOWN_FAILURE,WALLET,1679,0.3656,0.4794,0.8260,0.2388,4,0,1,REMINDER,FAILURE
training_0919,cust_0224,merchant_039,490.14,INSUFFICIENT_FUNDS,CARD,2070,0.6331,0.1443,0.5468,0.8367,0,0,0,RETRY,FAILURE
training_0920,cust_0097,merchant_008,468.18,TEMPORARY_FAILURE,WALLET,68,0.8019,0.5941,0.4978,0.5202,3,0,1,RETRY,SUCCESS
training_0921,cust_0336,merchant_016,676.12,UNKNOWN_FAILURE,UPI,1898,0.9210,0.0795,0.3418,0.4539,3,1,1,RETRY,FAILURE
training_0922,cust_0288,merchant_042,892.89,INSUFFICIENT_FUNDS,WALLET,561,0.5669,0.3411,0.3176,0.0877,2,1,1,REMINDER,FAILURE
training_0923,cust_0194,merchant_038,276.33,UNKNOWN_FAILURE,WALLET,27,0.4648,0.4217,0.5900,0.2527,0,0,0,RETRY,SUCCESS
training_0924,cust_0290,merchant_047,813.24,UNKNOWN_FAILURE,CARD,1693,0.2963,0.8653,0.2662,0.1970,3,2,0,REMINDER,FAILURE
training_0925,cust_0144,merchant_026,225.04,TEMPORARY_FAILURE,UPI,2601,0.4146,0.6383,0.5464,0.8242,1,1,0,RETRY,FAILURE
training_0926,cust_0338,merchant_037,52.42,PAYMENT_METHOD_ERROR,WALLET,116,0.8160,0.7863,0.2101,0.7151,2,1,1,RETRY,FAILURE
training_0927,cust_0242,merchant_016,633.74,INSUFFICIENT_FUNDS,NETBANKING,1311,0.5056,0.8515,0.8842,0.1334,2,2,0,RETRY,FAILURE
training_0928,cust_0043,merchant_019,222.63,INSUFFICIENT_FUNDS,CARD,885,0.5254,0.3255,0.4109,0.8872,4,1,2,REMINDER,FAILURE
training_0929,cust_0263,merchant_036,417.77,UNKNOWN_FAILURE,UPI,1402,0.1523,0.2798,0.7535,0.6012,0,0,0,REMINDER,SUCCESS
training_0930,cust_0241,merchant_017,544.08,INSUFFICIENT_FUNDS,UPI,2092,0.6715,0.6440,0.2677,0.4515,2,1,0,REMINDER,FAILURE
training_0931,cust_0052,merchant_012,6.89,TEMPORARY_FAILURE,UPI,2804,0.8859,0.7618,0.2437,0.8970,0,0,0,REMINDER,SUCCESS
training_0932,cust_0143,merchant_006,407.67,TEMPORARY_FAILURE,UPI,2719,0.2936,0.1511,0.4526,0.3614,3,1,2,RETRY,FAILURE
training_0933,cust_0002,merchant_001,168.11,INSUFFICIENT_FUNDS,NETBANKING,409,0.2817,0.2118,0.9307,0.5995,3,0,2,REMINDER,FAILURE
training_0934,cust_0244,merchant_014,455.45,INSUFFICIENT_FUNDS,CARD,2338,0.1088,0.2682,0.2010,0.3823,4,0,3,RETRY,FAILURE
training_0935,cust_0018,merchant_008,464.54,UNKNOWN_FAILURE,CARD,1095,0.1038,0.2269,0.2630,0.1376,1,0,0,RETRY,SUCCESS
training_0936,cust_0052,merchant_027,239.17,INSUFFICIENT_FUNDS,NETBANKING,1099,0.7819,0.7214,0.6789,0.4544,5,0,0,REMINDER,FAILURE
training_0937,cust_0300,merchant_005,156.18,PAYMENT_METHOD_ERROR,WALLET,1357,0.8189,0.5942,0.4400,0.2525,3,3,0,REMINDER,FAILURE
training_0938,cust_0076,merchant_033,819.30,INSUFFICIENT_FUNDS,NETBANKING,1612,0.1967,0.3643,0.6047,0.1202,0,0,0,RETRY,FAILURE
training_0939,cust_0347,merchant_025,526.85,UNKNOWN_FAILURE,NETBANKING,2458,0.4047,0.6636,0.3115,0.8087,3,1,1,REMINDER,FAILURE
training_0940,cust_0012,merchant_004,669.64,UNKNOWN_FAILURE,NETBANKING,638,0.2177,0.5243,0.5659,0.7154,4,4,0,REMINDER,FAILURE
training_0941,cust_0284,merchant_011,128.09,PAYMENT_METHOD_ERROR,UPI,2852,0.6802,0.6166,0.1286,0.6097,5,0,5,RETRY,FAILURE
training_0942,cust_0063,merchant_043,349.49,UNKNOWN_FAILURE,CARD,2162,0.1319,0.0765,0.4494,0.3998,2,0,2,REMINDER,FAILURE
training_0943,cust_0295,merchant_044,929.06,UNKNOWN_FAILURE,NETBANKING,185,0.9095,0.0692,0.1161,0.8701,0,0,0,RETRY,SUCCESS
training_0944,cust_0188,merchant_009,362.25,TEMPORARY_FAILURE,UPI,1509,0.5640,0.2383,0.4937,0.8252,2,1,1,RETRY,SUCCESS
training_0945,cust_0230,merchant_033,512.88,INSUFFICIENT_FUNDS,CARD,2101,0.1154,0.1065,0.6010,0.3523,5,3,0,RETRY,FAILURE
training_0946,cust_0157,merchant_032,167.27,TEMPORARY_FAILURE,UPI,1566,0.1836,0.3372,0.3068,0.6016,4,2,1,RETRY,FAILURE
training_0947,cust_0069,merchant_034,667.08,TEMPORARY_FAILURE,UPI,2431,0.2512,0.4021,0.4377,0.3360,5,3,2,RETRY,FAILURE
training_0948,cust_0018,merchant_008,573.64,PAYMENT_METHOD_ERROR,UPI,593,0.7164,0.2356,0.7063,0.3841,4,3,0,REMINDER,FAILURE
training_0949,cust_0184,merchant_009,757.89,PAYMENT_METHOD_ERROR,NETBANKING,304,0.7267,0.7633,0.4565,0.5963,0,0,0,REMINDER,FAILURE
training_0950,cust_0076,merchant_046,829.17,UNKNOWN_FAILURE,NETBANKING,1089,0.4043,0.3824,0.5057,0.7441,3,3,0,REMINDER,FAILURE
training_0951,cust_0348,merchant_004,848.94,PAYMENT_METHOD_ERROR,CARD,1147,0.8197,0.2930,0.5758,0.3476,2,0,1,RETRY,FAILURE
training_0952,cust_0307,merchant_050,636.75,UNKNOWN_FAILURE,CARD,531,0.8607,0.0565,0.3693,0.7214,2,2,0,REMINDER,FAILURE
training_0953,cust_0246,merchant_006,53.79,INSUFFICIENT_FUNDS,UPI,1522,0.8125,0.4563,0.4430,0.2493,4,0,4,RETRY,SUCCESS
training_0954,cust_0286,merchant_019,542.40,UNKNOWN_FAILURE,UPI,967,0.3158,0.0867,0.6916,0.1847,2,0,0,REMINDER,FAILURE
training_0955,cust_0077,merchant_005,588.73,UNKNOWN_FAILURE,WALLET,2351,0.6874,0.8032,0.8754,0.1452,3,0,0,RETRY,SUCCESS
training_0956,cust_0234,merchant_027,26.87,UNKNOWN_FAILURE,UPI,1777,0.4645,0.4922,0.9076,0.6830,0,0,0,RETRY,FAILURE
training_0957,cust_0203,merchant_026,515.12,UNKNOWN_FAILURE,WALLET,296,0.6359,0.3397,0.7727,0.6823,5,5,0,REMINDER,FAILURE
training_0958,cust_0105,merchant_001,16.00,INSUFFICIENT_FUNDS,CARD,1393,0.8719,0.0549,0.1800,0.8687,4,0,2,RETRY,FAILURE
training_0959,cust_0086,merchant_032,955.20,TEMPORARY_FAILURE,UPI,2160,0.3580,0.7476,0.4434,0.8211,0,0,0,RETRY,SUCCESS
training_0960,cust_0198,merchant_018,952.13,TEMPORARY_FAILURE,CARD,7,0.2346,0.3340,0.4505,0.7988,4,1,2,REMINDER,FAILURE
training_0961,cust_0248,merchant_039,241.41,INSUFFICIENT_FUNDS,UPI,603,0.6438,0.1152,0.5091,0.2523,0,0,0,RETRY,FAILURE
training_0962,cust_0140,merchant_028,966.39,TEMPORARY_FAILURE,WALLET,2603,0.7207,0.6761,0.8335,0.6818,5,1,1,RETRY,SUCCESS
training_0963,cust_0137,merchant_046,763.75,UNKNOWN_FAILURE,UPI,1683,0.1796,0.5991,0.3961,0.2313,5,2,0,REMINDER,FAILURE
training_0964,cust_0024,merchant_028,166.59,TEMPORARY_FAILURE,CARD,281,0.4168,0.6788,0.6411,0.5446,1,0,0,RETRY,FAILURE
training_0965,cust_0158,merchant_028,632.10,PAYMENT_METHOD_ERROR,NETBANKING,2679,0.4631,0.0577,0.7530,0.3266,4,4,0,RETRY,FAILURE
training_0966,cust_0325,merchant_018,702.00,UNKNOWN_FAILURE,CARD,1517,0.2030,0.8778,0.4641,0.3423,3,3,0,RETRY,FAILURE
training_0967,cust_0034,merchant_015,320.68,INSUFFICIENT_FUNDS,CARD,494,0.6609,0.7887,0.4650,0.8483,0,0,0,RETRY,SUCCESS
training_0968,cust_0306,merchant_038,962.35,TEMPORARY_FAILURE,WALLET,1593,0.9260,0.1368,0.9427,0.5320,5,1,4,RETRY,SUCCESS
training_0969,cust_0155,merchant_039,217.32,TEMPORARY_FAILURE,UPI,1439,0.1460,0.8759,0.7101,0.8031,0,0,0,REMINDER,FAILURE
training_0970,cust_0158,merchant_042,516.82,INSUFFICIENT_FUNDS,WALLET,1205,0.6280,0.3518,0.8555,0.3685,0,0,0,RETRY,SUCCESS
training_0971,cust_0347,merchant_002,423.74,PAYMENT_METHOD_ERROR,CARD,1931,0.8823,0.1150,0.7327,0.8523,3,0,1,REMINDER,FAILURE
training_0972,cust_0271,merchant_031,849.39,PAYMENT_METHOD_ERROR,UPI,1837,0.6907,0.2796,0.7919,0.8319,0,0,0,RETRY,SUCCESS
training_0973,cust_0196,merchant_009,920.03,TEMPORARY_FAILURE,WALLET,2083,0.4881,0.1059,0.6690,0.2088,5,4,1,REMINDER,FAILURE
training_0974,cust_0212,merchant_023,792.14,UNKNOWN_FAILURE,CARD,1572,0.2021,0.4012,0.3922,0.0586,3,3,0,REMINDER,FAILURE
training_0975,cust_0003,merchant_008,966.07,INSUFFICIENT_FUNDS,CARD,58,0.5762,0.7637,0.2132,0.3592,5,1,4,REMINDER,FAILURE
training_0976,cust_0330,merchant_038,273.38,UNKNOWN_FAILURE,WALLET,634,0.1489,0.3086,0.3563,0.4940,2,1,1,REMINDER,FAILURE
training_0977,cust_0212,merchant_049,881.45,INSUFFICIENT_FUNDS,WALLET,177,0.5672,0.8318,0.6839,0.3374,1,1,0,REMINDER,FAILURE
training_0978,cust_0117,merchant_034,438.90,TEMPORARY_FAILURE,CARD,1888,0.5431,0.2966,0.2010,0.2232,5,5,0,RETRY,FAILURE
training_0979,cust_0016,merchant_024,980.08,UNKNOWN_FAILURE,NETBANKING,2325,0.6879,0.2082,0.9485,0.1392,1,0,1,RETRY,FAILURE
training_0980,cust_0045,merchant_003,234.52,PAYMENT_METHOD_ERROR,NETBANKING,902,0.1135,0.3397,0.5999,0.1337,4,1,1,RETRY,FAILURE
training_0981,cust_0137,merchant_016,780.45,TEMPORARY_FAILURE,WALLET,2012,0.9232,0.4115,0.2551,0.7359,2,1,0,REMINDER,FAILURE
training_0982,cust_0250,merchant_047,270.59,TEMPORARY_FAILURE,NETBANKING,1252,0.6980,0.1793,0.2074,0.7352,5,2,2,RETRY,SUCCESS
training_0983,cust_0176,merchant_018,565.28,INSUFFICIENT_FUNDS,CARD,653,0.4665,0.8077,0.6962,0.0672,5,0,4,REMINDER,FAILURE
training_0984,cust_0130,merchant_026,766.04,UNKNOWN_FAILURE,CARD,2482,0.3682,0.4357,0.3615,0.5269,0,0,0,RETRY,FAILURE
training_0985,cust_0192,merchant_033,456.78,UNKNOWN_FAILURE,CARD,2237,0.4844,0.5028,0.3539,0.7767,3,0,2,REMINDER,FAILURE
training_0986,cust_0294,merchant_048,182.81,UNKNOWN_FAILURE,NETBANKING,2084,0.8869,0.3189,0.8254,0.8991,0,0,0,RETRY,SUCCESS
training_0987,cust_0002,merchant_016,179.63,INSUFFICIENT_FUNDS,CARD,980,0.8334,0.0784,0.1366,0.8881,4,0,0,RETRY,SUCCESS
training_0988,cust_0135,merchant_035,49.95,TEMPORARY_FAILURE,WALLET,2195,0.8853,0.4653,0.2067,0.5128,5,3,2,RETRY,FAILURE
training_0989,cust_0131,merchant_014,938.28,PAYMENT_METHOD_ERROR,CARD,2317,0.5151,0.6536,0.4108,0.4447,4,4,0,RETRY,FAILURE
training_0990,cust_0272,merchant_016,666.84,TEMPORARY_FAILURE,WALLET,2726,0.3331,0.7257,0.7668,0.8570,3,0,2,REMINDER,FAILURE
training_0991,cust_0281,merchant_016,779.05,PAYMENT_METHOD_ERROR,NETBANKING,2111,0.7666,0.5427,0.6857,0.2506,2,2,0,RETRY,FAILURE
training_0992,cust_0166,merchant_001,502.04,TEMPORARY_FAILURE,WALLET,1908,0.5879,0.4385,0.4643,0.7432,1,1,0,RETRY,SUCCESS
training_0993,cust_0311,merchant_013,897.59,UNKNOWN_FAILURE,UPI,77,0.6367,0.4049,0.2808,0.6817,2,0,2,REMINDER,FAILURE
training_0994,cust_0061,merchant_022,185.29,INSUFFICIENT_FUNDS,CARD,1884,0.6043,0.7547,0.1631,0.1823,2,1,0,REMINDER,FAILURE
training_0995,cust_0007,merchant_048,413.34,TEMPORARY_FAILURE,NETBANKING,612,0.2191,0.0640,0.5745,0.4231,2,1,1,RETRY,FAILURE
training_0996,cust_0239,merchant_035,69.43,TEMPORARY_FAILURE,NETBANKING,1458,0.1194,0.2936,0.6180,0.0803,1,1,0,RETRY,SUCCESS
training_0997,cust_0099,merchant_026,79.11,TEMPORARY_FAILURE,WALLET,594,0.6176,0.7345,0.7632,0.5731,2,0,2,REMINDER,FAILURE
training_0998,cust_0280,merchant_007,748.21,INSUFFICIENT_FUNDS,UPI,564,0.9313,0.8686,0.9425,0.1552,5,4,1,REMINDER,SUCCESS
training_0999,cust_0262,merchant_047,3.51,PAYMENT_METHOD_ERROR,WALLET,2452,0.2409,0.8995,0.1854,0.4303,0,0,0,RETRY,FAILURE
training_1000,cust_0290,merchant_026,102.83,INSUFFICIENT_FUNDS,NETBANKING,916,0.1932,0.0834,0.9301,0.7587,2,0,1,RETRY,FAILURE
